date,AQI,PM2.5,PM10,CO,NO2,SO2,O3_8h,class
20131202,294,244,377,4.2,138,144,29,5
20131203,329,279,426,5.2,107,123,44,6
20131204,273,223,357,3.8,101,141,23,5
20131205,137,105,187,2.8,81,95,27,3
20131206,288,238,379,3.9,105,122,21,5
20131207,477,383,577,5.9,125,143,31,6
20131208,367,301,474,4.4,100,75,20,6
20131209,75,49,100,1.7,51,58,29,2
20131210,183,138,237,3,63,73,42,4
20131211,90,51,129,1.9,56,94,43,2
20131212,115,87,177,2.7,68,87,34,3
20131213,159,121,199,2.8,73,141,27,4
20131214,241,191,293,3.3,107,165,28,5
20131215,265,215,326,4.4,118,160,26,5
20131216,298,248,377,4.3,129,167,26,5
20131217,242,192,304,4.4,113,165,15,5
20131218,171,130,203,3.3,73,103,24,4
20131219,221,171,252,3.5,87,117,27,5
20131220,345,295,437,5.6,123,158,27,6
20131221,417,360,517,5.7,128,138,29,6
20131222,336,286,425,4.8,122,193,22,6
20131223,484,390,584,6.7,149,197,26,6
20131224,416,353,516,5.8,167,206,22,6
20131225,500,442,649,5.6,181,204,25,6
20131226,71,37,91,1.3,46,47,41,2
20131227,169,128,207,2.8,90,112,23,4
20131228,102,76,143,1.5,65,82,36,3
20131229,100,63,149,1.2,62,76,38,2
20131230,127,77,204,1.7,67,70,48,3
20131231,137,56,224,1.4,52,48,51,3
20140101,117,77,185,1.8,57,64,48,3
20140102,278,228,375,4.8,124,134,25,5
20140103,251,201,347,4.4,97,111,30,5
20140104,245,195,306,3,98,118,18,5
20140105,229,179,322,3.4,114,121,22,5
20140106,203,153,264,2.8,83,107,17,5
20140107,257,207,317,3.1,91,115,27,5
20140108,127,96,161,2.4,64,75,39,3
20140109,151,116,199,2.1,71,97,42,4
20140110,302,252,378,4.2,99,139,36,6
20140111,445,360,545,5.7,132,175,42,6
20140112,261,211,321,3.6,93,119,56,5
20140113,268,218,324,3.7,95,167,37,5
20140114,270,220,324,3.9,109,150,30,5
20140115,477,396,577,6.4,141,174,25,6
20140116,500,522,765,6.5,155,178,22,6
20140117,366,316,445,3.8,113,134,21,6
20140118,500,383,602,5.6,138,143,30,6
20140119,399,303,499,4.7,122,124,49,6
20140120,95,26,140,0.7,27,37,59,2
20140121,134,103,152,2.6,63,83,35,3
20140122,258,208,326,4.3,106,157,28,5
20140123,350,300,455,5.8,149,199,21,6
20140124,285,235,398,4.3,154,186,22,5
20140125,204,154,254,3.3,103,143,41,5
20140126,134,102,168,2.1,58,118,45,3
20140127,298,248,357,4.7,101,161,30,5
20140128,219,169,242,3,74,103,56,5
20140129,253,203,324,3.9,80,143,40,5
20140130,250,200,323,3.3,88,127,57,5
20140131,236,186,293,2.7,53,103,41,5
20140201,175,133,229,2.8,52,77,32,4
20140202,253,203,350,3.1,59,92,39,5
20140203,83,44,116,1.5,28,44,68,2
20140204,78,56,106,1.9,32,56,71,2
20140205,111,84,137,1.6,34,82,59,3
20140206,194,146,226,2.8,55,92,63,4
20140207,127,96,131,1.7,41,51,44,3
20140208,138,105,147,1.8,35,53,76,3
20140209,52,36,54,1.3,36,58,65,2
20140210,161,122,163,2.5,53,75,68,4
20140211,202,152,228,3.3,75,147,59,5
20140212,291,241,348,4.2,101,167,53,5
20140213,411,311,511,5.9,112,176,45,6
20140214,470,374,570,6.1,126,174,47,6
20140215,500,429,630,5.7,148,171,45,6
20140216,410,347,510,4.8,116,178,42,6
20140217,162,124,206,2.8,58,100,72,4
20140218,109,82,139,2.2,60,73,70,3
20140219,124,94,163,2.4,67,86,47,3
20140220,273,223,334,3.4,81,122,40,5
20140221,303,253,389,3.8,120,156,21,6
20140222,337,287,443,4.4,126,165,20,6
20140223,279,229,351,3.6,89,110,12,5
20140224,290,240,376,4.4,102,158,12,5
20140225,462,358,562,5.6,128,202,23,6
20140226,500,434,673,6,152,189,60,6
20140227,149,115,174,2.9,64,66,56,3
20140228,118,90,153,3.3,70,127,46,3
20140301,174,132,230,3.4,73,117,65,4
20140302,239,189,311,4.1,93,126,52,5
20140303,282,232,364,4.6,98,94,37,5
20140304,168,127,232,3.5,75,90,54,4
20140305,74,47,98,2.3,49,61,66,2
20140306,98,74,137,2.6,55,71,60,2
20140307,147,112,203,3.3,83,102,41,3
20140308,266,216,360,4.4,108,170,57,5
20140309,234,184,300,3.3,91,119,75,5
20140310,143,110,187,2.9,74,95,44,3
20140311,277,225,404,4.1,106,129,71,5
20140312,100,32,151,1.6,35,47,72,2
20140313,98,61,146,2.3,57,71,78,2
20140314,97,33,144,2.2,43,55,82,2
20140315,148,91,245,6.8,74,91,80,3
20140316,197,148,327,3.9,91,92,78,4
20140317,292,189,415,3.5,96,94,48,5
20140318,136,51,221,2.6,40,36,86,3
20140319,79,51,109,2.2,42,35,91,2
20140320,68,29,87,4.5,38,23,94,2
20140321,116,68,183,7.4,55,41,90,3
20140322,136,93,222,9.9,72,54,84,3
20140323,154,118,243,2.3,63,55,121,4
20140324,219,169,309,2.2,78,80,85,5
20140325,235,185,345,2.1,80,61,103,5
20140326,304,234,423,2.7,66,78,91,6
20140327,296,246,384,2,63,41,58,5
20140328,190,143,318,1.5,75,46,73,4
20140329,210,160,317,1.6,75,32,88,5
20140330,133,95,216,0.6,54,23,86,3
20140331,148,107,246,0.9,54,48,76,3
20140401,111,84,168,0.7,44,29,80,3
20140402,162,119,273,0.7,45,38,89,4
20140403,95,46,139,0.5,34,33,86,2
20140404,137,37,225,0.7,29,19,81,3
20140405,97,37,144,0.5,23,20,92,2
20140406,133,68,217,0.9,43,46,83,3
20140407,146,93,242,1.1,44,46,117,3
20140408,201,151,345,1.4,61,53,167,5
20140409,176,126,302,1.1,47,49,114,4
20140410,270,59,399,0.7,29,30,79,5
20140411,105,60,160,1,44,31,90,3
20140412,132,92,214,1.1,71,41,114,3
20140413,204,154,292,1.8,60,55,155,5
20140414,164,125,252,1.3,39,38,123,4
20140415,101,65,152,0.9,34,33,94,3
20140416,96,45,142,1.1,44,30,107,2
20140417,108,81,154,1.3,39,17,85,3
20140418,201,151,258,1.7,48,38,77,5
20140419,95,71,125,1,38,28,63,2
20140420,125,95,164,1.3,38,27,105,3
20140421,159,122,206,1.7,35,23,86,4
20140422,121,91,168,1.9,33,32,102,3
20140423,134,102,189,1.9,28,29,101,3
20140424,131,100,174,2.1,31,25,105,3
20140425,130,99,182,1.9,33,28,133,3
20140426,84,46,117,1.4,19,7,85,2
20140427,105,61,160,1.7,38,13,87,3
20140428,96,68,143,1.9,32,18,121,2
20140429,115,83,181,2,38,33,130,3
20140430,116,85,181,1.6,34,27,138,3
20140501,153,111,255,1.9,27,26,107,4
20140502,73,28,96,1,15,5,83,2
20140503,130,45,211,0.9,27,22,78,3
20140504,84,27,119,0.4,14,3,79,2
20140505,78,34,106,0.5,31,12,97,2
20140506,119,80,189,0.9,44,26,101,3
20140507,120,83,190,1.3,44,21,96,3
20140508,98,68,147,1.1,29,17,101,2
20140509,110,71,170,1.3,31,26,86,3
20140510,93,56,136,1.2,30,19,80,2
20140511,46,31,46,0.8,13,5,76,1
20140512,80,33,109,1.2,26,28,105,2
20140513,131,83,211,1.9,45,54,104,3
20140514,92,33,133,1,25,22,78,2
20140515,143,55,237,1,36,36,100,3
20140516,138,64,226,1.4,38,37,129,3
20140517,125,80,199,1.4,39,50,155,3
20140518,140,107,230,1.6,39,61,154,3
20140519,167,107,284,1.4,31,47,142,4
20140520,160,108,271,1.8,33,41,164,4
20140521,174,116,298,1.8,37,60,160,4
20140522,160,115,271,1,33,57,139,4
20140523,117,77,184,0.8,24,50,144,3
20140524,83,61,103,0.7,13,21,97,2
20140525,164,88,277,0.7,19,23,81,4
20140526,92,29,135,0.7,23,29,104,2
20140527,157,39,263,0.7,22,23,98,4
20140528,97,44,144,1,36,39,152,2
20140529,130,60,210,1.3,47,53,166,3
20140530,179,102,276,1.6,51,57,244,4
20140531,158,114,267,1.4,28,46,173,4
20140601,74,51,98,0.9,17,24,102,2
20140602,61,32,73,0.9,13,21,97,2
20140603,82,45,115,0.9,35,27,129,2
20140604,109,58,133,1.2,34,55,170,3
20140605,129,67,150,1.3,27,47,192,3
20140606,113,86,146,1.2,36,78,119,3
20140607,86,26,66,0.9,25,28,143,2
20140608,90,40,125,1,32,35,148,2
20140609,106,36,112,1,33,32,167,3
20140610,110,53,99,1.1,21,28,171,3
20140611,107,63,106,1.2,22,31,168,3
20140612,108,53,128,0.9,35,34,169,3
20140613,142,75,181,1.2,36,50,206,3
20140614,194,69,131,1.3,28,37,259,4
20140615,155,114,220,1.4,32,44,220,4
20140616,165,126,178,1.2,19,29,198,4
20140617,140,107,156,1.2,22,28,161,3
20140618,149,114,159,1.2,38,29,144,3
20140619,216,166,239,1.4,43,31,139,5
20140620,98,42,72,1,31,23,157,2
20140621,109,56,96,1.1,30,39,170,3
20140622,93,61,98,0.8,32,25,151,2
20140623,104,52,105,0.9,36,26,164,3
20140624,139,72,149,1.2,46,42,203,3
20140625,136,104,146,1.2,35,35,167,3
20140626,212,162,241,1.7,33,33,205,5
20140627,92,56,132,1.1,29,33,150,2
20140628,87,40,118,1,48,41,144,2
20140629,130,67,165,2.6,85,62,193,3
20140630,137,64,135,2.3,38,64,201,3
20140701,164,125,202,1.5,31,66,186,4
20140702,115,87,107,1.4,24,23,150,3
20140703,200,150,200,1.6,29,34,180,4
20140704,162,124,161,1.6,29,30,132,4
20140705,105,78,120,1.9,26,32,166,3
20140706,181,137,205,1.7,31,39,203,4
20140707,222,172,243,1.6,30,41,203,5
20140708,216,166,241,1.5,29,42,227,5
20140709,137,64,134,0.9,46,40,201,3
20140710,91,29,77,0.7,24,23,149,2
20140711,126,95,177,1.2,38,30,189,3
20140712,105,31,105,0.6,32,23,165,3
20140713,90,32,101,0.6,40,23,148,2
20140714,166,51,165,0.9,52,36,231,4
20140715,134,50,113,0.8,25,32,197,3
20140716,112,78,130,0.9,30,32,173,3
20140717,122,93,128,1.4,24,20,155,3
20140718,178,135,203,1.7,31,21,191,4
20140719,80,47,101,1,31,22,136,2
20140720,78,54,94,1,26,23,134,2
20140721,76,49,102,1.1,29,25,119,2
20140722,60,26,70,1.1,37,26,103,2
20140723,62,30,74,1,38,25,88,2
20140724,82,61,105,1,44,35,95,2
20140725,144,101,157,1.6,38,32,208,3
20140726,140,85,136,1.1,23,36,204,3
20140727,172,109,167,1.2,28,42,237,4
20140728,155,118,163,1.3,30,35,184,4
20140729,158,121,168,1.2,26,25,166,4
20140730,122,92,107,1.5,23,19,156,3
20140731,184,139,187,1.8,36,56,181,4
20140801,171,130,180,1.5,32,41,161,4
20140802,182,138,201,1.5,34,31,189,4
20140803,199,149,209,1.6,37,32,160,4
20140804,69,47,88,1.1,30,19,102,2
20140805,53,31,53,1,21,18,104,2
20140806,73,53,95,1.3,25,25,90,2
20140807,172,52,111,1.5,34,33,237,4
20140808,120,62,130,1.1,37,38,182,3
20140809,160,96,186,1.3,45,56,225,4
20140810,186,81,144,1,30,38,251,4
20140811,138,66,122,0.8,33,32,202,3
20140812,146,40,115,0.7,40,35,211,3
20140813,100,29,46,0.6,22,16,160,2
20140814,108,50,90,0.9,33,24,169,3
20140815,121,27,70,0.6,30,26,183,3
20140816,181,58,143,1,44,31,246,4
20140817,128,46,77,0.9,24,25,191,3
20140818,113,74,112,1.1,29,33,174,3
20140819,149,79,127,0.9,29,35,214,3
20140820,159,100,161,1.4,31,56,224,4
20140821,204,154,227,1.7,29,55,236,5
20140822,130,99,178,1.3,30,30,181,3
20140823,152,117,178,1.4,31,34,193,4
20140824,82,46,84,0.9,28,24,138,2
20140825,91,39,86,1,34,27,149,2
20140826,123,65,145,1.1,42,42,185,3
20140827,149,79,201,1.2,49,48,214,3
20140828,106,80,128,1.1,29,25,161,3
20140829,93,55,83,1.1,25,16,152,2
20140830,143,110,165,1.5,42,19,129,3
20140831,118,89,120,1.3,33,23,146,3
20140901,161,123,173,1.4,35,42,158,4
20140902,66,39,46,1.1,25,15,119,2
20140903,65,20,41,0.8,29,19,118,2
20140904,98,36,97,1,32,30,158,2
20140905,135,81,154,1.4,36,39,199,3
20140906,145,111,183,1.6,31,33,193,3
20140907,196,148,223,2.1,30,53,193,4
20140908,97,73,127,1.2,23,18,154,2
20140909,116,53,133,1.2,36,31,178,3
20140910,107,72,160,1.4,45,75,168,3
20140911,132,101,168,1.4,48,47,113,3
20140912,57,39,65,1,25,12,98,2
20140913,101,64,109,1.3,33,25,161,3
20140914,133,101,161,1.2,59,21,118,3
20140915,62,34,75,1,50,18,86,2
20140916,88,53,126,1,68,23,63,2
20140917,52,32,55,1,38,14,64,2
20140918,90,67,121,1.2,50,16,121,2
20140919,135,103,179,1.4,57,36,135,3
20140920,183,138,225,1.5,58,26,158,4
20140921,188,142,230,1.5,65,21,138,4
20140922,135,103,164,1.6,57,18,100,3
20140923,116,88,125,2.1,71,15,38,3
20140924,104,78,120,1.8,52,15,103,3
20140925,115,87,135,1.3,59,22,115,3
20140926,191,144,223,1.4,66,50,157,4
20140927,114,86,145,1.2,61,18,118,3
20140928,111,84,164,1.2,82,24,59,3
20140929,137,105,186,1.4,54,18,81,3
20140930,70,41,90,1.1,30,21,52,2
20141001,164,125,199,1.3,50,19,27,4
20141002,121,92,126,1.1,47,8,42,3
20141003,186,140,231,1.6,57,16,52,4
20141004,128,97,132,1,36,12,73,3
20141005,91,68,116,1.1,45,18,73,2
20141006,97,73,143,1.1,46,25,110,2
20141007,243,193,304,1.4,75,47,99,5
20141008,438,362,538,2.1,92,34,88,6
20141009,500,402,603,2.5,90,37,120,6
20141010,377,325,481,2.1,72,38,162,6
20141011,287,237,340,1.5,56,39,103,5
20141012,56,34,62,0.5,31,8,55,2
20141013,57,30,65,0.6,36,13,60,2
20141014,117,89,177,1,42,37,77,3
20141015,124,75,198,0.8,38,29,74,3
20141016,87,50,123,1,37,40,86,2
20141017,148,107,246,1.7,59,57,112,3
20141018,252,202,378,2.2,112,69,132,5
20141019,297,247,396,2.3,81,47,85,5
20141020,268,218,310,2.1,56,14,34,5
20141021,97,64,145,1.2,48,43,49,2
20141022,94,69,139,1.2,51,39,37,2
20141023,238,188,336,2,85,54,44,5
20141024,387,294,490,2.5,93,45,58,6
20141025,439,310,539,3,94,29,51,6
20141026,145,101,240,1.9,60,21,55,3
20141027,117,68,184,1.1,64,45,51,3
20141028,91,59,132,1,57,45,58,2
20141029,171,130,271,1.4,99,53,37,4
20141030,236,186,350,1.7,109,90,50,5
20141031,250,200,356,1.8,134,65,57,5
20141101,218,168,304,1.7,93,25,58,5
20141102,62,24,75,0.4,33,14,79,2
20141103,74,42,99,0.7,57,31,69,2
20141104,160,122,248,2.1,94,107,48,4
20141105,170,129,242,1.9,97,49,66,4
20141106,65,36,79,1.2,40,18,70,2
20141107,61,39,73,1,39,30,47,2
20141108,117,89,128,1.5,46,22,48,3
20141109,172,130,197,1.8,61,33,58,4
20141110,201,151,230,2,72,45,54,5
20141111,162,123,207,1.6,54,30,64,4
20141112,64,28,78,0.5,25,17,77,2
20141113,89,54,127,1.4,63,56,59,2
20141114,125,95,189,2.1,77,78,46,3
20141115,244,194,299,3.1,101,157,22,5
20141116,169,128,206,1.9,60,74,45,4
20141117,131,100,184,2.8,78,118,44,3
20141118,274,224,330,4.1,117,152,20,5
20141119,433,353,533,4.6,133,174,20,6
20141120,468,414,568,5.3,171,168,13,6
20141121,500,522,702,7,197,188,17,6
20141122,233,183,285,3.4,96,120,33,5
20141123,311,261,365,4.9,107,149,17,6
20141124,199,149,222,3.6,86,124,36,4
20141125,395,345,456,7.3,129,170,20,6
20141126,500,482,644,7,137,147,14,6
20141127,245,195,338,3.9,87,84,16,5
20141128,165,125,217,3.5,65,85,29,4
20141129,211,161,278,4.2,76,90,13,5
20141130,180,117,310,2.8,54,63,52,4
20141201,78,38,107,1.3,34,55,60,2
20141202,170,129,198,3,73,122,22,4
20141203,66,24,81,0.9,41,53,52,2
20141204,57,38,64,1.2,40,63,61,2
20141205,173,131,113,2.9,77,152,37,4
20141206,246,196,146,3.9,92,168,19,5
20141207,199,150,128,4,84,184,25,4
20141208,288,238,154,5,89,185,28,5
20141209,394,344,98,7.3,111,226,18,6
20141210,266,216,150,5,63,102,49,5
20141211,130,99,171,3.1,54,155,50,3
20141212,85,47,121,1.7,37,76,53,2
20141213,168,127,223,3.9,71,132,33,4
20141214,351,301,405,6.8,104,205,25,6
20141215,244,194,329,4.6,58,110,51,5
20141216,69,31,87,1.8,29,61,58,2
20141217,140,107,198,4.1,61,144,43,3
20141218,284,234,371,6,136,186,13,5
20141219,248,198,317,4.7,89,132,45,5
20141220,89,66,108,2.5,43,102,46,2
20141221,76,37,102,1.7,32,84,56,2
20141222,160,122,229,5,84,174,34,4
20141223,314,264,367,5.9,120,258,22,6
20141224,297,247,349,5.8,100,193,31,5
20141225,302,252,344,5.3,108,180,33,6
20141226,421,361,521,6.9,115,239,22,6
20141227,449,385,549,7.3,142,262,17,6
20141228,500,579,798,10,145,249,23,6
20141229,324,274,436,6.3,89,188,30,6
20141230,216,166,281,4.5,81,133,31,5
20141231,85,27,121,1.6,19,35,65,2
20150101,191,144,244,4.1,55,129,47,4
20150102,231,181,288,4.7,61,155,50,5
20150103,355,305,463,7.2,93,201,36,6
20150104,500,501,753,9.7,136,274,26,6
20150105,338,266,450,5.5,113,150,31,6
20150106,89,64,128,1.7,42,82,49,2
20150107,229,179,283,3.9,81,152,25,5
20150108,379,325,483,6.9,112,221,18,6
20150109,500,417,609,243,7.4,124,35,6
20150110,250,200,340,4.1,76,150,33,5
20150111,188,142,230,3.1,63,131,35,4
20150112,135,103,158,2.2,48,111,47,3
20150113,284,234,341,4.7,80,164,19,5
20150114,283,233,352,4.6,91,128,13,5
20150115,353,300,463,4.9,83,97,12,6
20150116,204,154,313,2.7,65,74,51,5
20150117,178,135,222,3,70,136,39,4
20150118,205,155,294,3.2,48,108,60,5
20150119,159,121,221,3.5,62,150,44,4
20150120,190,143,247,4.1,70,125,18,4
20150121,144,110,183,3.3,54,109,54,3
20150122,219,169,277,3.5,66,137,29,5
20150123,331,281,413,5.4,96,164,25,6
20150124,269,219,342,4.5,78,129,21,5
20150125,166,126,182,2.6,47,76,22,4
20150126,292,242,390,3.8,55,96,25,5
20150127,86,64,99,2,43,96,45,2
20150128,221,171,238,3.9,62,119,41,5
20150129,186,140,201,2.7,51,119,35,4
20150130,194,146,217,3.3,56,117,49,4
20150131,240,190,270,4.6,65,143,43,5
20150201,306,256,370,6,75,176,32,6
20150202,334,284,404,5.8,86,183,24,6
20150203,311,261,370,4.8,73,140,32,6
20150204,68,33,86,1.2,32,73,63,2
20150205,106,80,137,2.2,48,115,68,3
20150206,224,174,277,3.8,77,213,35,5
20150207,108,81,140,2.2,41,92,69,3
20150208,82,61,102,1.5,39,86,66,2
20150209,214,164,262,3.3,69,179,47,5
20150210,280,230,370,5.1,89,197,51,5
20150211,227,177,277,4.1,79,129,66,5
20150212,193,145,226,3.3,71,124,69,4
20150213,244,194,309,3.8,75,143,56,5
20150214,291,241,373,4.1,78,172,90,5
20150215,257,207,365,4,71,126,68,5
20150216,199,150,307,3.4,54,108,69,4
20150217,134,102,195,2.4,48,89,68,3
20150218,229,179,275,3,46,102,87,5
20150219,211,161,231,2,38,116,61,5
20150220,277,227,298,3.3,41,52,38,5
20150221,280,230,375,2.9,34,65,60,5
20150222,117,36,184,1.1,20,44,73,3
20150223,138,100,227,2.3,43,104,87,3
20150224,328,266,442,4.1,59,112,53,6
20150225,185,139,254,2.2,36,64,74,4
20150226,74,54,95,1.7,37,76,75,2
20150227,92,68,103,2.1,38,83,48,2
20150228,204,154,210,2.6,45,77,35,5
20150301,92,69,127,2.2,42,84,77,2
20150302,134,102,211,2.7,55,116,67,3
20150303,70,33,89,0.8,26,55,75,2
20150304,100,75,131,1.6,48,95,75,2
20150305,139,107,175,1.6,57,109,72,3
20150306,218,168,276,2,55,123,85,5
20150307,253,203,315,2.6,70,118,77,5
20150308,295,245,386,3.9,86,99,51,5
20150309,75,47,100,1,33,47,79,2
20150310,96,68,141,1.1,53,86,74,2
20150311,131,100,200,1.7,58,84,90,3
20150312,142,109,211,1.9,66,80,55,3
20150313,163,124,206,2.3,70,105,73,4
20150314,156,119,225,1.9,65,106,54,4
20150315,175,132,289,2.2,71,99,87,4
20150316,304,254,411,2.3,55,76,59,6
20150317,244,194,352,2.2,56,47,89,5
20150318,101,66,151,1.4,50,45,80,3
20150319,165,122,280,1.9,73,52,93,4
20150320,166,92,281,1.6,51,46,88,4
20150321,108,40,166,0.9,35,35,86,3
20150322,154,47,258,1,40,31,64,4
20150323,106,51,162,1,41,34,86,3
20150324,137,93,224,1.7,58,49,86,3
20150325,169,128,244,2.2,71,50,95,4
20150326,136,104,190,1.7,60,66,145,3
20150327,131,96,162,1.4,61,66,132,3
20150328,152,79,253,1.1,50,38,108,4
20150329,193,76,336,1.4,58,45,109,4
20150330,182,137,310,1.9,43,57,123,4
20150331,181,137,223,1.9,41,27,109,4
20150401,95,71,114,1.4,49,27,58,2
20150402,78,57,82,1.3,35,20,98,2
20150403,123,94,135,1.5,47,29,106,3
20150404,86,64,98,0.9,35,22,132,2
20150405,93,69,130,1,34,17,115,2
20150406,53,26,57,0.8,22,11,85,2
20150407,74,54,93,0.9,41,19,101,2
20150408,142,109,156,1.1,51,34,87,3
20150409,215,165,241,1.6,67,46,115,5
20150410,156,119,184,1.2,64,33,118,4
20150411,175,132,203,1.5,58,36,128,4
20150412,52,18,55,0.7,26,14,95,2
20150413,63,28,55,0.6,31,17,116,2
20150414,104,78,131,1.1,56,37,114,3
20150415,151,114,253,1.5,58,64,107,4
20150416,94,30,138,0.4,16,19,103,2
20150417,113,70,175,1.1,55,56,118,3
20150418,152,111,253,1.1,71,50,91,4
20150419,95,71,133,1.1,37,31,74,2
20150420,130,99,164,1.3,49,35,133,3
20150421,102,69,155,0.9,41,34,112,3
20150422,80,43,110,0.7,43,26,134,2
20150423,101,76,152,0.9,49,45,133,3
20150424,101,50,152,0.9,37,31,143,3
20150425,126,91,175,1.3,47,52,189,3
20150426,139,106,177,1.3,40,56,164,3
20150427,124,94,161,1.2,36,54,170,3
20150428,104,78,129,1.5,38,36,137,3
20150429,164,125,182,1.3,42,71,165,4
20150430,149,114,168,1.1,43,33,201,3
20150501,127,97,139,0.9,31,28,165,3
20150502,81,37,61,0.6,27,15,137,2
20150503,112,85,159,0.8,49,23,118,3
20150504,85,41,97,0.6,37,29,142,2
20150505,112,84,152,1.1,50,48,160,3
20150506,83,31,111,0.5,28,20,139,2
20150507,88,48,104,0.8,34,30,145,2
20150508,147,112,171,1.2,40,40,179,3
20150509,68,43,65,1.1,31,19,122,2
20150510,51,34,53,1,37,18,47,2
20150511,58,34,54,0.7,26,17,110,2
20150512,73,22,54,0.4,25,19,128,2
20150513,95,58,116,1.1,46,45,154,2
20150514,71,22,72,0.3,28,20,125,2
20150515,83,40,86,0.6,34,21,140,2
20150516,127,81,140,1,46,44,190,3
20150517,121,92,152,1.1,31,36,151,3
20150518,90,38,87,0.7,34,21,148,2
20150519,64,25,78,0.4,32,18,113,2
20150520,70,18,47,0.4,29,17,124,2
20150521,78,57,105,0.7,47,48,133,2
20150522,139,61,104,1.1,44,45,203,3
20150523,180,97,148,1.2,39,44,245,4
20150524,179,115,172,1.2,42,54,244,4
20150525,177,105,163,1.2,41,57,242,4
20150526,154,92,144,1.1,37,46,219,4
20150527,146,109,169,1,34,30,211,3
20150528,139,106,161,1.1,36,38,174,3
20150529,113,85,125,0.9,40,24,106,3
20150530,100,75,132,0.9,45,31,155,2
20150531,125,56,106,0.8,34,36,187,3
20150601,137,101,182,1.2,42,49,201,3
20150602,83,42,89,0.6,38,26,139,2
20150603,88,59,127,0.9,57,40,142,2
20150604,80,55,110,0.7,45,38,124,2
20150605,105,52,127,0.7,46,43,166,3
20150606,108,41,100,0.6,32,26,169,3
20150607,75,29,61,0.5,35,27,130,2
20150608,93,43,85,0.6,48,30,152,2
20150609,178,63,127,1,48,29,243,4
20150610,161,80,127,3.3,31,20,226,4
20150611,69,28,63,1.1,31,15,123,2
20150612,60,14,43,0.3,22,13,112,2
20150613,68,17,43,0.5,32,19,122,2
20150614,135,45,96,0.8,53,23,198,3
20150615,131,84,165,1.3,59,47,194,3
20150616,163,109,194,1.3,63,41,228,4
20150617,157,79,143,1.1,44,22,222,4
20150618,108,49,89,0.9,28,16,169,3
20150619,68,32,78,0.6,44,20,122,2
20150620,115,37,72,0.6,41,26,176,3
20150621,142,56,114,0.7,59,24,206,3
20150622,142,80,140,0.9,50,34,206,3
20150623,160,111,172,1.3,37,30,225,4
20150624,117,54,82,0.7,26,20,179,3
20150625,117,71,113,0.8,30,23,179,3
20150626,140,93,137,0.9,27,16,204,3
20150627,157,95,149,1.2,31,31,222,4
20150628,154,108,168,1.3,33,36,219,4
20150629,110,83,125,1,25,16,165,3
20150630,50,18,38,0.5,17,12,100,1
20150701,67,41,84,0.6,35,18,111,2
20150702,76,18,45,0.5,33,15,131,2
20150703,110,28,66,0.7,32,23,171,3
20150704,92,28,60,0.5,28,23,150,2
20150705,140,56,90,0.8,31,20,204,3
20150706,113,61,101,0.8,27,25,174,3
20150707,136,69,112,0.8,32,38,200,3
20150708,149,105,160,1,37,35,214,3
20150709,145,111,164,1,29,34,201,3
20150710,154,66,110,0.8,28,34,219,4
20150711,144,102,152,1,35,83,208,3
20150712,157,83,123,0.9,37,65,222,4
20150713,194,97,167,1.3,47,36,259,4
20150714,125,62,116,1,41,36,188,3
20150715,102,76,135,0.9,51,27,138,3
20150716,71,45,72,0.8,23,15,125,2
20150717,66,48,80,1,23,17,111,2
20150718,90,57,89,0.9,25,21,148,2
20150719,92,43,67,0.7,19,17,150,2
20150720,105,79,121,1,27,17,135,3
20150721,135,103,172,1.1,42,20,131,3
20150722,108,81,128,1,29,24,150,3
20150723,108,81,142,0.9,33,20,151,3
20150724,85,58,98,0.9,35,30,142,2
20150725,144,90,154,1.1,35,24,208,3
20150726,119,87,151,1.1,32,25,180,3
20150727,135,103,166,1.2,26,20,157,3
20150728,89,55,99,0.9,21,24,146,2
20150729,77,55,103,0.9,26,22,98,2
20150730,64,37,75,0.8,19,22,116,2
20150731,65,40,80,1.2,28,19,97,2
20150801,71,48,91,1,29,20,81,2
20150802,115,87,152,1.2,38,20,91,3
20150803,118,89,174,1.4,32,23,66,3
20150804,92,31,63,0.8,30,21,150,2
20150805,134,102,169,1.4,31,18,147,3
20150806,99,82,146,1,39,16,144,2
20150807,105,79,138,0.8,37,14,116,3
20150808,87,48,100,0.6,25,12,144,2
20150809,169,128,211,1,32,14,173,4
20150810,183,138,230,1,44,15,191,4
20150811,160,122,202,1.2,41,15,185,4
20150812,148,113,203,1.1,36,20,193,3
20150813,152,116,189,1,29,25,212,4
20150814,134,127,184,0.8,37,22,147,3
20150815,103,97,152,0.7,50,18,213,3
20150816,128,97,158,0.9,48,22,180,3
20150817,144,110,180,2.4,36,23,141,3
20150818,87,62,137,0.6,30,14,105,2
20150819,94,49,137,0.5,29,13,126,2
20150820,107,80,150,0.8,40,17,151,3
20150821,76,42,96,0.6,28,14,131,2
20150822,68,30,75,0.6,38,14,121,2
20150823,88,37,82,1.1,22,12,145,2
20150824,55,19,48,0.6,24,10,106,2
20150825,61,23,52,0.5,27,10,113,2
20150826,70,30,66,0.5,28,10,124,2
20150827,104,35,70,0.6,30,10,164,3
20150828,101,57,98,1,24,15,161,3
20150829,90,43,77,0.7,23,12,148,2
20150830,67,48,81,0.8,24,9,114,2
20150831,52,31,53,0.8,17,7,87,2
20150901,37,19,37,0.4,16,8,73,1
20150902,41,17,36,0.3,22,9,81,1
20150903,38,18,32,0.4,26,10,76,1
20150904,52,33,54,0.5,29,11,89,2
20150905,52,33,53,0.5,17,10,96,2
20150906,64,24,48,0.4,26,10,116,2
20150907,89,42,81,0.7,39,13,146,2
20150908,109,69,119,0.8,62,20,169,3
20150909,89,66,106,0.8,40,14,110,2
20150910,35,19,35,0.4,22,9,51,1
20150911,43,21,40,0.3,21,9,86,1
20150912,41,16,41,0.2,28,10,80,1
20150913,69,40,87,0.6,46,15,101,2
20150914,95,71,131,0.9,47,20,124,2
20150915,132,100,174,1,66,20,162,3
20150916,180,136,224,1.1,75,20,146,4
20150917,212,162,256,1.4,72,22,158,5
20150918,169,128,201,1.2,62,15,140,4
20150919,103,77,137,1.3,58,20,149,3
20150920,124,94,154,1.1,40,21,138,3
20150921,134,102,180,1.1,54,28,159,3
20150922,162,123,199,1.3,34,19,115,4
20150923,87,64,115,0.9,40,14,119,2
20150924,148,113,194,1.1,62,25,147,3
20150925,61,32,71,0.5,41,18,110,2
20150926,88,58,125,0.7,62,28,138,2
20150927,95,71,137,0.7,56,20,146,2
20150928,68,49,79,1,29,8,98,2
20150929,56,38,61,1.2,41,10,34,2
20150930,52,28,45,0.6,41,10,37,2
20151001,51,17,52,0.4,30,14,76,2
20151002,76,38,101,0.6,50,17,94,2
20151003,88,51,126,1,66,19,99,2
20151004,183,138,242,1.4,95,31,125,4
20151005,230,180,280,1.8,98,33,161,5
20151006,294,244,367,2,106,27,184,5
20151007,226,176,246,1.4,68,26,141,5
20151008,57,27,63,0.4,33,14,82,2
20151009,59,23,67,0.6,36,19,78,2
20151010,42,13,42,0.3,23,12,58,1
20151011,58,26,65,0.6,44,16,87,2
20151012,82,60,108,0.8,63,24,90,2
20151013,152,116,194,1.4,86,41,110,4
20151014,248,198,318,2.4,106,48,92,5
20151015,219,169,271,2.3,89,41,183,5
20151016,274,224,345,2.2,104,50,155,5
20151017,276,226,347,1.9,100,43,136,5
20151018,104,78,139,1,48,25,86,3
20151019,81,53,112,0.8,53,35,70,2
20151020,89,66,128,1.4,61,28,26,2
20151021,53,32,55,1,37,20,36,2
20151022,47,19,27,0.6,37,14,45,1
20151023,68,42,67,0.9,54,19,43,2
20151024,87,48,92,1.3,69,31,34,2
20151025,83,26,67,0.9,66,44,26,2
20151026,54,29,56,0.6,43,18,38,2
20151027,64,20,70,0.5,51,24,63,2
20151028,82,30,73,0.6,65,23,56,2
20151029,95,41,96,1,76,33,41,2
20151030,84,39,80,0.7,67,35,48,2
20151031,110,78,140,1.2,100,55,36,3
20151101,147,112,194,1.7,94,67,39,3
20151102,102,76,147,1.5,79,54,48,3
20151103,118,89,158,1.5,94,54,73,3
20151104,163,124,199,1.5,99,54,50,4
20151105,125,95,169,1,69,34,38,3
20151106,40,21,34,0.4,32,18,44,1
20151107,45,21,33,0.6,36,14,48,1
20151108,68,49,73,1.1,51,18,36,2
20151109,117,88,131,1.4,65,26,27,3
20151110,107,80,136,1.5,61,32,24,3
20151111,147,112,193,2.3,76,58,18,3
20151112,159,121,167,2.9,89,73,19,4
20151113,221,171,221,4.4,116,79,13,5
20151114,196,147,203,3.3,94,71,20,4
20151115,201,151,222,3.8,98,58,23,5
20151116,70,36,57,1.2,56,42,30,2
20151117,84,60,92,1.7,67,45,28,2
20151118,58,36,56,1,46,58,34,2
20151119,84,62,96,1.3,58,74,20,2
20151120,69,50,74,1.7,52,40,11,2
20151121,65,32,41,2,52,36,14,2
20151122,59,42,53,1.7,45,38,29,2
20151123,57,40,49,1.2,37,39,45,2
20151124,63,45,55,1.9,49,67,37,2
20151125,77,56,69,1.7,42,58,45,2
20151126,88,65,82,2.2,59,92,69,2
20151127,210,160,193,3.5,88,151,33,5
20151128,320,270,321,4.9,109,162,36,6
20151129,454,431,510,7,133,153,22,6
20151130,500,513,608,7.7,126,121,37,6
20151201,226,176,294,3.6,71,88,25,5
20151202,107,80,154,1.8,44,43,51,3
20151203,50,24,50,0.9,24,29,63,1
20151204,158,120,179,3.1,72,86,38,4
20151205,290,240,332,5.2,101,121,28,5
20151206,410,364,470,5.8,139,163,10,6
20151207,295,245,310,3.8,122,107,10,5
20151208,367,317,411,5.8,110,88,13,6
20151209,315,265,359,5.3,124,98,14,6
20151210,338,288,390,6.2,114,102,26,6
20151211,150,115,167,2.9,78,100,20,3
20151212,183,138,195,2.9,76,101,31,4
20151213,360,310,406,5.1,131,105,10,6
20151214,276,226,297,3.2,98,62,20,5
20151215,50,20,50,0.7,22,28,62,1
20151216,46,23,46,0.8,25,30,54,1
20151217,159,121,178,3.1,72,102,24,4
20151218,241,191,270,4.6,107,126,22,5
20151219,269,219,292,5.6,132,132,14,5
20151220,392,342,435,7.6,146,129,9,6
20151221,440,409,523,8.4,160,121,9,6
20151222,370,320,404,6.9,157,111,8,6
20151223,302,252,397,7.1,134,66,8,6
20151224,377,327,419,7.5,134,98,13,6
20151225,294,244,370,6.7,109,61,16,5
20151226,165,125,215,4.9,78,41,18,4
20151227,61,43,72,1.3,36,47,46,2
20151228,241,191,257,4.1,86,98,19,5
20151229,362,312,403,6.2,125,118,12,6
20151230,338,288,369,6.4,128,120,26,6
20151231,351,301,392,6.7,144,148,10,6
20160101,293,243,324,6.1,149,122,12,5
20160102,430,395,517,7.5,180,138,18,6
20160103,332,282,405,6.3,130,72,10,6
20160104,204,154,237,3.5,72,73,34,5
20160105,169,128,186,3.2,66,99,39,4
20160106,236,186,256,4.4,90,118,30,5
20160107,149,114,166,2.9,68,74,36,3
20160108,232,182,248,4,87,102,31,5
20160109,294,244,322,4.4,116,121,26,5
20160110,193,145,204,3,88,88,20,4
20160111,104,78,122,1.8,56,60,43,3
20160112,210,160,224,3.5,78,85,34,5
20160113,259,209,285,4.7,101,103,26,5
20160114,228,178,247,3.8,102,102,34,5
20160115,260,210,282,4.5,117,107,33,5
20160116,203,153,215,3,86,64,10,5
20160117,115,87,127,2.1,62,41,46,3
20160118,113,85,130,2,62,48,55,3
20160119,162,123,185,2.8,84,86,33,4
20160120,280,230,299,5.3,112,116,10,5
20160121,163,124,168,3.5,82,78,16,4
20160122,61,41,71,1,35,25,69,2
20160123,60,34,70,0.8,25,26,75,2
20160124,55,31,60,1,38,40,72,2
20160125,190,143,192,4,91,103,44,4
20160126,137,104,146,3,86,89,44,3
20160127,254,204,270,5.6,118,144,25,5
20160128,166,126,175,3.3,112,110,22,4
20160129,82,60,88,1.8,64,61,40,2
20160130,79,58,77,1.4,53,57,43,2
20160131,152,116,143,2.7,67,69,65,4
20160201,203,153,187,3.6,86,98,65,5
20160202,202,152,196,4,98,119,56,5
20160203,233,183,228,4.5,105,114,52,5
20160204,160,122,159,3.2,84,97,55,4
20160205,172,130,168,3.6,76,86,68,4
20160206,130,99,137,2.6,65,81,77,3
20160207,178,134,180,3.5,69,96,77,4
20160208,170,129,181,2.2,54,121,83,4
20160209,162,123,161,3.5,65,100,92,4
20160210,138,105,137,3,68,87,66,3
20160211,129,98,136,3.1,65,73,33,3
20160212,196,147,194,3.4,60,48,22,4
20160213,51,29,51,0.9,25,28,69,2
20160214,44,12,28,0.8,13,15,88,1
20160215,41,16,36,0.9,23,26,82,1
20160216,54,31,58,1.4,42,51,85,2
20160217,88,65,97,2.3,64,72,71,2
20160218,67,42,79,1.6,53,67,89,2
20160219,72,52,88,1.7,47,54,87,2
20160220,45,26,45,1.1,33,42,87,1
20160221,122,92,144,2.3,73,81,55,3
20160222,229,179,251,3.7,96,94,42,5
20160223,40,22,38,1,30,36,80,1
20160224,68,49,78,1.4,51,50,72,2
20160225,77,53,88,1.5,61,79,72,2
20160226,98,73,116,2,74,83,80,2
20160227,72,36,59,1.4,57,45,73,2
20160228,56,36,61,1.3,42,39,88,2
20160229,60,30,53,1.2,48,52,79,2
20160301,135,103,151,2.6,99,98,69,3
20160302,104,78,130,1.9,78,84,87,3
20160303,193,145,224,2.8,91,98,102,4
20160304,200,150,213,2.5,73,52,52,4
20160305,125,50,199,1,47,37,88,3
20160306,142,86,234,2.4,90,68,34,3
20160307,89,44,128,1.4,59,41,87,2
20160308,52,20,54,0.6,32,25,70,2
20160309,64,40,77,1,44,36,66,2
20160310,54,20,58,0.7,32,29,86,2
20160311,79,55,108,1.5,61,61,88,2
20160312,132,100,174,2.4,88,104,56,3
20160313,82,58,114,1.4,60,52,96,2
20160314,93,62,135,1.6,66,83,89,2
20160315,110,83,156,1.4,60,68,113,3
20160316,220,170,257,1.9,82,84,150,5
20160317,228,178,288,2.3,107,96,138,5
20160318,231,181,322,2.5,124,60,180,5
20160319,86,49,122,0.8,52,32,84,2
20160320,84,50,118,1.2,67,49,114,2
20160321,122,92,187,1.5,74,71,132,3
20160322,121,84,191,1.1,69,46,93,3
20160323,76,44,102,0.7,42,21,87,2
20160324,66,33,81,0.6,42,18,84,2
20160325,75,43,99,0.7,51,23,88,2
20160326,65,34,80,0.6,41,17,97,2
20160327,87,47,124,0.8,46,26,98,2
20160328,124,73,198,1,60,50,100,3
20160329,78,29,105,0.5,30,24,104,2
20160330,107,70,164,1.1,64,42,114,3
20160331,182,106,313,1,62,57,144,4
20160401,138,54,226,0.6,48,28,134,3
20160402,60,16,56,0.5,27,11,111,2
20160403,61,23,62,0.5,25,12,113,2
20160404,103,77,141,0.9,58,43,114,3
20160405,114,86,178,1,62,38,151,3
20160406,199,149,240,1.4,70,29,102,4
20160407,137,102,224,1,68,16,112,3
20160408,84,28,118,0.5,32,21,110,2
20160409,139,67,227,1,55,29,118,3
20160410,107,41,163,0.8,31,26,108,3
20160411,84,36,118,0.6,40,18,106,2
20160412,129,98,170,1.2,66,31,108,3
20160413,182,137,269,1.2,77,25,117,4
20160414,107,50,164,0.7,45,20,120,3
20160415,106,67,161,0.9,59,42,122,3
20160416,70,27,90,0.4,22,8,96,2
20160417,52,13,50,0.3,16,6,102,2
20160418,55,17,53,0.4,20,10,105,2
20160419,78,57,98,0.8,59,25,78,2
20160420,124,94,174,1.2,62,27,144,3
20160421,113,64,175,0.7,44,26,118,3
20160422,109,47,168,0.6,44,28,127,3
20160423,98,48,145,0.6,46,36,86,2
20160424,127,79,204,0.9,48,45,150,3
20160425,104,68,143,0.8,29,30,164,3
20160426,126,92,202,1,42,41,150,3
20160427,120,91,172,1.1,48,26,139,3
20160428,109,76,130,0.9,34,18,169,3
20160429,163,124,226,1.6,48,52,171,4
20160430,166,126,238,1.3,63,43,193,4
20160501,178,134,254,1.2,44,34,166,4
20160502,80,47,109,0.5,21,16,119,2
20160503,74,31,97,0.4,34,10,116,2
20160504,103,63,143,0.9,53,44,163,3
20160505,96,68,142,1.4,56,38,123,2
20160506,123,52,196,0.4,28,15,100,3
20160507,75,43,99,0.5,40,17,130,2
20160508,88,58,126,0.8,39,44,136,2
20160509,98,73,138,0.9,40,36,118,2
20160510,125,95,175,0.9,44,21,174,3
20160511,200,150,230,1.3,34,33,152,4
20160512,79,58,107,0.6,32,14,128,2
20160513,80,48,110,0.6,42,40,118,2
20160514,79,58,74,0.9,35,9,89,2
20160515,59,39,68,0.8,35,12,95,2
20160516,72,37,86,0.6,45,31,126,2
20160517,114,61,128,0.8,42,50,175,3
20160518,106,64,119,0.7,32,26,166,3
20160519,144,85,141,1.1,41,32,208,3
20160520,146,110,188,1.3,71,45,210,3
20160521,135,91,150,1,48,36,198,3
20160522,114,54,97,0.8,41,25,175,3
20160523,118,89,140,0.8,48,32,138,3
20160524,83,24,55,0.4,30,14,139,2
20160525,60,25,57,0.4,29,16,112,2
20160526,78,42,104,0.6,47,24,133,2
20160527,98,67,146,1,62,48,114,2
20160528,100,58,105,1.4,43,45,160,2
20160529,95,60,121,0.8,39,30,154,2
20160530,133,88,158,1.2,41,38,196,3
20160531,106,52,162,1,35,36,130,3
20160601,100,34,85,0.8,45,42,159,2
20160602,120,41,97,0.8,55,27,181,3
20160603,115,87,163,1.5,63,65,162,3
20160604,115,74,129,1.1,37,40,176,3
20160605,117,83,140,1.1,46,43,178,3
20160606,122,84,131,1,40,32,184,3
20160607,89,66,92,1.3,30,16,132,2
20160608,143,109,157,1.4,42,26,200,3
20160609,129,63,123,1,38,41,191,3
20160610,145,44,79,0.8,23,19,209,3
20160611,80,12,37,0.4,30,17,136,2
20160612,140,31,77,0.7,47,26,204,3
20160613,96,49,86,0.8,35,24,155,2
20160614,71,41,58,0.8,20,10,125,2
20160615,85,23,46,0.6,26,14,142,2
20160616,82,22,62,0.5,46,20,138,2
20160617,144,41,99,0.8,48,36,208,3
20160618,119,36,65,0.8,34,25,180,3
20160619,151,47,87,0.8,31,26,216,4
20160620,136,58,87,0.8,27,19,199,3
20160621,142,48,88,0.7,35,9,206,3
20160622,102,48,90,0.7,30,13,162,3
20160623,60,29,66,0.4,37,13,111,2
20160624,51,18,51,0.3,28,10,94,2
20160625,70,18,52,0.2,28,11,124,2
20160626,101,44,104,0.7,51,30,161,3
20160627,110,83,140,0.8,34,21,143,3
20160628,92,68,107,0.8,36,11,93,2
20160629,179,135,186,0.9,45,11,89,4
20160630,124,94,131,0.9,42,16,148,3
20160701,54,27,47,0.4,34,9,104,2
20160702,110,46,78,0.7,41,14,171,3
20160703,88,60,88,0.8,31,22,145,2
20160704,109,66,106,0.8,44,20,169,3
20160705,112,74,112,0.8,32,31,173,3
20160706,117,49,85,0.7,39,28,178,3
20160707,139,106,165,1,51,33,194,3
20160708,115,87,129,0.9,37,23,137,3
20160709,102,76,119,0.8,33,11,136,3
20160710,87,64,95,0.8,32,22,134,2
20160711,95,71,111,0.7,34,31,142,2
20160712,67,48,74,0.5,32,19,85,2
20160713,95,33,60,0.6,31,19,154,2
20160714,73,53,94,1.1,44,43,115,2
20160715,51,30,52,0.5,32,12,97,2
20160716,93,68,107,1,52,19,151,2
20160717,111,81,124,1,42,16,172,3
20160718,176,133,191,1.3,51,20,162,4
20160719,165,125,162,1.4,41,8,58,4
20160720,36,25,27,0.8,20,6,66,1
20160721,52,36,54,0.8,32,8,72,2
20160722,99,74,102,1.2,43,10,129,2
20160723,163,124,177,1.5,46,24,152,4
20160724,114,86,128,0.9,32,15,72,3
20160725,55,37,59,0.6,24,10,100,2
20160726,110,38,63,0.8,28,15,170,3
20160727,124,85,134,1.1,33,36,186,3
20160728,138,105,145,1.1,34,37,162,3
20160729,146,105,152,1,42,27,210,3
20160730,153,117,171,1,35,18,138,4
20160731,95,71,100,1,28,13,152,2
20160801,124,94,132,1.4,32,18,162,3
20160802,114,53,73,1.1,31,18,175,3
20160803,107,52,74,1.1,33,25,167,3
20160804,84,62,84,1,31,25,138,2
20160805,79,58,80,0.8,32,39,126,2
20160806,94,70,91,0.7,32,25,133,2
20160807,50,31,42,0.4,25,15,100,1
20160808,62,29,43,0.6,33,15,114,2
20160809,59,38,54,0.7,35,17,110,2
20160810,79,58,76,0.8,30,24,134,2
20160811,77,56,76,0.9,28,32,127,2
20160812,69,50,70,0.8,27,19,108,2
20160813,45,20,32,0.6,36,12,83,1
20160814,50,20,36,0.5,40,18,57,1
20160815,37,17,26,0.4,29,6,74,1
20160816,45,24,40,0.6,36,14,88,1
20160817,59,38,67,0.9,40,16,62,2
20160818,74,54,74,1,30,8,64,2
20160819,65,24,33,1.1,24,13,118,2
20160820,70,27,46,0.8,31,14,123,2
20160821,108,44,73,1.1,39,29,168,3
20160822,58,38,65,0.8,39,22,106,2
20160823,58,40,65,0.7,39,30,106,2
20160824,67,48,77,1,44,15,103,2
20160825,45,26,45,0.5,32,12,59,1
20160826,45,10,23,0.2,36,12,74,1
20160827,58,13,31,0.4,46,14,72,2
20160828,47,10,26,0.3,37,21,84,1
20160829,72,19,42,0.5,44,21,126,2
20160830,54,28,58,0.8,41,28,102,2
20160831,50,18,41,0.5,40,16,61,1
20160901,43,10,31,0.4,34,24,46,1
20160902,59,24,52,0.8,47,37,68,2
20160903,44,18,38,0.6,32,18,88,1
20160904,45,26,44,0.7,31,20,90,1
20160905,58,39,65,1,42,23,96,2
20160906,55,35,60,0.8,42,20,66,2
20160907,69,20,44,0.6,26,17,122,2
20160908,75,32,68,0.6,45,32,129,2
20160909,95,53,112,0.7,56,35,153,2
20160910,67,34,78,0.6,37,13,120,2
20160911,67,38,62,0.6,34,12,120,2
20160912,98,61,103,1,37,14,157,2
20160913,128,97,154,1.2,53,30,166,3
20160914,133,101,169,1,46,32,188,3
20160915,198,148,225,1.4,43,37,198,4
20160916,189,142,223,1.2,47,34,170,4
20160917,87,64,113,1,30,16,94,2
20160918,61,42,71,0.8,32,8,61,2
20160919,55,28,60,0.5,38,10,91,2
20160920,68,43,85,0.7,48,19,118,2
20160921,97,72,127,0.9,44,37,153,2
20160922,156,119,186,1.1,58,23,165,4
20160923,198,148,233,1.3,53,19,157,4
20160924,225,175,287,1.6,61,34,161,5
20160925,207,157,253,1.3,50,37,172,5
20160926,98,73,107,1.1,37,11,82,2
20160927,70,51,87,0.7,39,5,72,2
20160928,54,28,57,0.5,43,13,70,2
20160929,123,93,152,0.8,68,32,124,3
20160930,158,120,204,1,99,36,154,4
20161001,271,221,325,1.9,119,83,92,5
20161002,240,190,290,1.6,88,28,143,5
20161003,265,215,311,1.6,81,19,149,5
20161004,109,82,124,0.9,44,13,48,3
20161005,89,66,114,1.2,59,17,66,2
20161006,104,78,128,1,55,18,72,3
20161007,94,70,93,1,43,16,33,2
20161008,54,29,57,0.5,41,15,72,2
20161009,82,54,103,0.9,65,32,32,2
20161010,119,90,160,1.3,76,41,40,3
20161011,138,105,169,1.2,72,35,80,3
20161012,117,88,137,1.1,61,23,79,3
20161013,248,198,285,1.6,89,32,84,5
20161014,93,69,108,1,52,39,85,2
20161015,144,110,163,1,73,38,21,3
20161016,145,111,143,0.9,49,17,52,3
20161017,133,101,164,1,57,24,70,3
20161018,225,175,258,1.8,78,30,43,5
20161019,296,246,364,1.8,69,22,33,5
20161020,110,83,131,1,58,9,34,3
20161021,65,44,55,1.1,52,7,33,2
20161022,59,30,50,0.8,47,7,19,2
20161023,67,46,74,0.9,53,12,34,2
20161024,113,85,125,1.1,66,18,17,3
20161025,123,93,144,2,70,23,13,3
20161026,100,75,121,1.7,57,15,20,2
20161027,69,37,73,1,55,11,9,2
20161028,50,21,44,0.5,40,7,47,1
20161029,68,39,85,0.6,47,26,50,2
20161030,97,72,131,1.1,60,25,23,2
20161031,75,55,89,0.5,43,13,67,2
20161101,102,76,118,0.8,60,24,53,3
20161102,153,117,197,1.6,79,57,27,4
20161103,248,198,296,2.7,90,37,19,5
20161104,320,270,397,3.1,124,29,15,6
20161105,170,129,196,2.7,91,11,26,4
20161106,134,102,149,0.8,60,24,56,3
20161107,176,133,181,1.2,74,24,48,4
20161108,98,73,116,1,55,23,47,2
20161109,198,148,218,1.7,81,48,16,4
20161110,156,119,204,1.2,59,24,32,4
20161111,188,141,235,2,84,30,23,4
20161112,134,102,184,1.9,80,34,47,3
20161113,243,193,285,2.2,91,34,39,5
20161114,237,187,300,2.9,98,34,29,5
20161115,135,103,174,1.7,82,44,26,3
20161116,190,143,231,2.6,98,37,9,4
20161117,178,134,246,2.4,76,28,5,4
20161118,240,190,353,2.6,80,30,5,5
20161119,272,222,323,3.1,102,42,20,5
20161120,89,66,98,1.1,44,30,31,2
20161121,43,30,43,0.5,28,11,38,1
20161122,55,37,60,0.5,31,16,45,2
20161123,195,146,193,2,65,55,18,4
20161124,228,178,239,2.4,83,59,20,5
20161125,332,282,358,3.3,96,62,10,6
20161126,306,256,370,3.2,89,48,35,6
20161127,209,159,244,2.5,89,50,36,5
20161128,128,97,142,2,75,55,34,3
20161129,176,133,184,3,104,69,8,4
20161130,150,115,167,2.2,84,50,33,3
20161201,104,78,111,1.6,76,50,48,3
20161202,217,167,218,3.3,114,70,13,5
20161203,345,295,359,5.5,139,85,12,6
20161204,377,327,393,5.7,176,57,10,6
20161205,133,101,136,2.6,74,44,35,3
20161206,203,153,203,3.2,91,58,18,5
20161207,193,145,202,3.2,108,109,23,4
20161208,212,162,211,3.7,104,83,20,5
20161209,64,31,50,1,51,26,40,2
20161210,166,126,168,3.4,92,74,18,4
20161211,213,163,208,3.6,98,81,24,5
20161212,251,201,252,3.8,124,87,8,5
20161213,114,86,118,1.9,73,42,35,3
20161214,78,57,78,1.4,57,35,43,2
20161215,165,125,163,2.4,85,62,27,4
20161216,250,200,251,3.2,99,89,18,5
20161217,315,265,326,4.4,129,66,11,6
20161218,339,289,360,4.2,137,50,16,6
20161219,438,406,493,7.5,142,37,12,6
20161220,348,298,423,8,116,22,14,6
20161221,438,407,520,8.6,133,43,14,6
20161222,334,284,400,6.1,110,32,33,6
20161223,73,51,71,1,58,29,45,2
20161224,139,106,140,2.5,80,60,22,3
20161225,225,175,221,4.1,114,85,8,5
20161226,144,110,134,2.3,80,44,30,3
20161227,147,112,131,1.8,60,33,30,3
20161228,204,154,181,1.9,65,33,29,5
20161229,328,278,325,4.5,96,71,13,6
20161230,279,229,273,3.7,92,60,11,5
20161231,377,327,425,6.7,117,58,9,6
20170101,272,222,346,5.4,117,52,13,5
20170102,288,238,329,6.6,134,37,21,5
20170103,341,291,412,8,134,38,18,6
20170104,283,233,321,8,141,59,15,5
20170105,256,206,281,5.6,116,53,7,5
20170106,297,247,310,4.3,111,120,9,5
20170107,294,244,299,4.2,104,63,10,5
20170108,223,173,242,3.6,78,22,12,5
20170109,218,168,240,2.4,71,30,36,5
20170110,190,143,191,1.9,66,50,43,4
20170111,238,188,234,2.6,84,67,32,5
20170112,334,284,347,3.8,108,80,34,6
20170113,240,190,240,2.7,84,76,46,5
20170114,227,177,222,3.1,78,78,36,5
20170115,109,82,116,1.2,51,54,32,3
20170116,156,119,157,2.2,72,76,14,4
20170117,218,168,220,2.5,82,60,36,5
20170118,234,184,236,2.6,82,55,33,5
20170119,142,108,180,1.5,42,29,72,3
20170120,95,71,107,1.3,52,38,58,2
20170121,113,85,124,1.5,39,42,73,3
20170122,117,88,126,1.4,50,51,65,3
20170123,213,163,206,2.9,76,83,36,5
20170124,193,145,187,2.9,82,80,36,4
20170125,324,274,338,4.2,103,95,38,6
20170126,376,326,402,4.4,100,90,43,6
20170127,219,169,223,1.4,42,90,77,5
20170128,500,556,665,4.1,77,187,21,6
20170129,162,123,170,1.6,37,47,69,4
20170130,72,52,67,0.9,20,29,77,2
20170131,162,123,154,1.8,52,71,60,4
20170201,159,121,154,1.9,51,54,74,4
20170202,310,260,316,3.7,96,107,38,6
20170203,404,355,425,5,104,123,42,6
20170204,317,267,332,2.5,59,50,30,6
20170205,338,288,370,3.5,76,56,71,6
20170206,107,80,110,1.7,54,45,60,3
20170207,88,65,98,1.3,45,49,56,2
20170208,127,96,137,1.7,48,44,79,3
20170209,44,24,44,0.5,22,12,86,1
20170210,64,46,74,0.9,43,30,88,2
20170211,230,180,245,2.5,73,115,70,5
20170212,312,262,344,3,100,92,66,6
20170213,250,200,272,3.1,100,81,65,5
20170214,339,289,368,3.8,106,97,36,6
20170215,332,282,374,3.6,132,85,58,6
20170216,213,163,274,2.2,83,52,67,5
20170217,80,59,106,0.9,50,32,75,2
20170218,195,146,223,1.9,82,71,71,4
20170219,208,158,250,2.1,85,54,61,5
20170220,56,30,62,0.5,30,20,82,2
20170221,83,61,87,0.9,43,30,55,2
20170222,232,182,224,1.9,57,29,44,5
20170223,145,111,145,1.4,52,31,91,3
20170224,94,70,117,1.3,64,32,88,2
20170225,70,50,83,1,56,26,96,2
20170226,82,60,92,1,55,27,96,2
20170227,137,104,161,1.4,60,44,86,3
20170228,85,63,104,1,56,28,77,2
20170301,65,43,80,0.6,34,19,92,2
20170302,76,49,102,0.8,46,37,75,2
20170303,129,98,169,1.4,66,48,80,3
20170304,155,118,177,1.6,71,36,110,4
20170305,114,86,137,1.2,49,28,92,3
20170306,66,36,82,0.6,34,20,85,2
20170307,45,23,45,0.4,27,13,90,1
20170308,56,27,52,0.6,34,17,107,2
20170309,63,42,75,0.8,50,22,102,2
20170310,127,96,158,1.3,71,42,96,3
20170311,159,121,196,1.3,82,54,103,4
20170312,54,27,58,0.5,32,22,100,2
20170313,57,35,64,0.7,42,18,100,2
20170314,75,54,99,0.8,53,28,100,2
20170315,117,88,145,1.1,64,41,117,3
20170316,115,87,152,1,54,45,112,3
20170317,189,142,219,1.5,73,55,67,4
20170318,254,204,300,2,90,52,141,5
20170319,264,214,299,2.2,81,55,164,5
20170320,213,163,256,1.4,75,45,100,5
20170321,88,65,116,0.8,43,35,112,2
20170322,186,140,203,1.4,77,62,63,4
20170323,140,107,127,1.1,48,24,64,3
20170324,102,76,92,1.2,45,15,49,3
20170325,85,63,93,0.9,40,10,99,2
20170326,53,24,42,0.4,27,10,103,2
20170327,58,34,61,0.6,39,30,109,2
20170328,90,67,92,0.6,30,22,108,2
20170329,152,116,172,1,50,49,129,4
20170330,170,129,197,1,50,44,90,4
20170331,79,58,105,0.7,48,19,123,2
20170401,67,39,83,0.6,40,22,106,2
20170402,118,89,153,1.4,74,36,123,3
20170403,189,142,226,1.6,75,60,152,4
20170404,122,92,146,1,46,63,95,3
20170405,92,68,86,0.7,26,31,119,2
20170406,214,164,221,1.6,62,30,132,5
20170407,186,140,208,1.2,48,35,136,4
20170408,124,94,145,1.1,56,19,57,3
20170409,69,49,88,0.9,45,25,84,2
20170410,87,64,117,1,54,41,87,2
20170411,81,56,112,1,44,21,106,2
20170412,103,77,149,1,50,30,112,3
20170413,79,50,108,1.1,46,24,75,2
20170414,81,51,111,0.8,48,20,100,2
20170415,103,72,156,0.9,59,35,122,3
20170416,101,69,152,1.2,60,41,70,3
20170417,143,86,236,1,39,20,90,3
20170418,62,24,73,0.5,22,16,108,2
20170419,107,78,164,1.4,74,62,38,3
20170420,112,84,174,1,55,23,86,3
20170421,60,26,70,0.5,28,9,108,2
20170422,83,48,116,0.7,40,27,122,2
20170423,81,50,112,0.8,41,29,119,2
20170424,85,57,120,1,41,24,134,2
20170425,60,28,70,0.4,27,8,85,2
20170426,70,37,89,0.6,42,13,112,2
20170427,66,32,81,0.5,36,11,111,2
20170428,75,41,100,0.6,46,13,114,2
20170429,84,46,117,0.6,44,16,126,2
20170430,119,51,188,0.6,37,26,114,3
20170501,98,49,146,0.9,45,17,134,2
20170502,131,64,144,1,46,24,194,3
20170503,73,51,96,0.7,26,19,114,2
20170504,500,241,1044,0.6,33,12,86,6
20170505,454,134,554,0.6,29,21,105,6
20170506,94,38,137,0.7,31,20,133,2
20170507,92,47,117,0.7,42,22,150,2
20170508,134,102,209,1.1,57,54,171,3
20170509,100,43,103,0.7,26,21,159,2
20170510,109,63,143,0.9,44,40,169,3
20170511,105,49,159,0.7,42,15,143,3
20170512,117,43,184,0.7,29,34,151,3
20170513,83,32,115,0.5,23,14,129,2
20170514,77,36,96,0.7,34,16,132,2
20170515,95,42,106,0.8,45,33,153,2
20170516,126,54,117,0.9,35,42,188,3
20170517,159,81,154,1.1,40,42,224,4
20170518,176,112,197,1.3,58,37,241,4
20170519,148,84,166,1,37,34,212,3
20170520,173,74,143,1,45,32,238,4
20170521,164,80,152,1,46,26,229,4
20170522,65,47,74,0.9,30,7,76,2
20170523,80,35,60,0.6,32,10,136,2
20170524,82,31,75,0.5,40,16,138,2
20170525,91,30,96,0.6,39,16,149,2
20170526,186,55,124,0.8,45,32,251,4
20170527,206,95,193,1.4,65,34,292,5
20170528,205,112,202,1.6,45,22,290,5
20170529,99,44,147,1,30,16,140,2
20170530,77,49,104,0.9,42,14,110,2
20170531,132,44,85,0.9,34,21,195,3
20170601,155,42,84,0.9,26,25,220,4
20170602,71,36,91,0.8,36,23,78,2
20170603,97,29,62,0.7,28,16,156,2
20170604,138,55,105,0.8,46,40,201,3
20170605,118,79,153,1,59,46,179,3
20170606,65,39,52,0.6,27,12,117,2
20170607,121,56,88,0.7,37,17,183,3
20170608,128,48,104,0.8,35,24,190,3
20170609,156,45,114,0.8,32,29,221,4
20170610,77,29,91,0.6,26,31,132,2
20170611,165,39,106,0.7,41,24,230,4
20170612,130,53,104,0.9,37,23,192,3
20170613,136,55,98,0.9,36,21,199,3
20170614,138,68,123,0.8,46,12,201,3
20170615,203,64,131,0.8,47,22,276,5
20170616,196,81,149,0.8,38,26,261,4
20170617,185,88,160,1.1,34,31,250,4
20170618,202,66,129,1,33,25,274,5
20170619,193,69,118,1,36,17,258,4
20170620,161,55,112,0.9,34,14,226,4
20170621,173,68,126,0.9,31,19,238,4
20170622,62,42,50,0.9,18,8,114,2
20170623,85,29,36,0.9,14,5,142,2
20170624,91,27,44,0.6,16,12,149,2
20170625,151,50,83,0.7,30,19,216,4
20170626,149,38,69,0.6,37,10,213,3
20170627,185,72,132,0.8,54,22,250,4
20170628,203,64,117,0.8,27,16,279,5
20170629,167,49,89,0.7,20,10,232,4
20170630,194,68,120,0.8,25,20,259,4
20170701,193,74,126,0.8,22,18,258,4
20170702,190,85,151,0.8,35,28,255,4
20170703,195,60,98,0.8,23,21,260,4
20170704,120,34,56,0.7,24,10,182,3
20170705,157,66,102,0.7,24,12,222,4
20170706,73,53,72,0.8,22,9,118,2
20170707,148,49,74,0.7,18,10,212,3
20170708,203,49,95,0.6,22,13,278,5
20170709,175,72,118,0.8,21,8,240,4
20170710,125,32,59,0.5,30,15,187,3
20170711,203,46,114,0.7,42,22,276,5
20170712,188,48,92,0.8,30,18,253,4
20170713,153,57,102,0.7,20,10,218,4
20170714,160,38,68,0.6,22,11,225,4
20170715,96,40,60,0.7,16,7,155,2
20170716,95,53,81,0.8,20,10,154,2
20170717,124,49,77,0.8,21,14,186,3
20170718,93,56,93,0.8,31,15,151,2
20170719,105,61,90,0.7,23,13,165,3
20170720,120,82,125,0.8,30,23,181,3
20170721,54,38,48,0.7,19,8,95,2
20170722,61,35,52,0.5,16,8,113,2
20170723,87,64,103,0.7,28,12,142,2
20170724,82,60,98,0.8,38,12,93,2
20170725,62,43,61,0.7,28,9,114,2
20170726,59,42,63,0.7,30,9,92,2
20170727,94,70,108,0.9,38,14,108,2
20170728,74,54,88,0.9,36,15,87,2
20170729,79,32,43,0.6,19,14,134,2
20170730,117,63,88,0.6,33,24,178,3
20170731,144,92,124,0.9,33,12,208,3
20170801,100,75,104,0.9,27,13,132,2
20170802,56,38,55,0.6,20,9,107,2
20170803,99,43,71,0.7,22,13,158,2
20170804,128,56,94,0.7,43,13,190,3
20170805,92,38,59,0.6,32,11,150,2
20170806,143,52,78,0.6,30,14,207,3
20170807,107,31,58,0.4,35,12,167,3
20170808,202,64,112,0.6,35,28,272,5
20170809,134,37,54,0.4,18,8,197,3
20170810,158,61,96,0.6,30,15,223,4
20170811,110,83,124,0.8,33,10,160,3
20170812,83,44,67,0.6,25,7,139,2
20170813,82,45,59,0.6,21,8,138,2
20170814,100,37,54,0.5,20,8,160,2
20170815,105,47,67,0.6,21,12,165,3
20170816,143,54,79,0.7,25,14,207,3
20170817,121,39,57,1,22,10,183,3
20170818,80,49,67,0.7,29,11,136,2
20170819,72,44,54,0.6,19,6,126,2
20170820,127,56,74,0.7,24,8,189,3
20170821,121,69,96,0.7,26,15,183,3
20170822,97,72,101,0.7,26,13,150,2
20170823,99,63,88,0.7,22,10,158,2
20170824,74,36,70,0.4,34,10,128,2
20170825,96,30,74,0.4,38,16,155,2
20170826,55,28,59,0.4,42,12,74,2
20170827,48,18,23,0.4,16,5,96,1
20170828,84,34,58,0.7,30,7,140,2
20170829,59,41,67,0.6,37,12,95,2
20170830,97,33,50,0.6,22,16,156,2
20170831,129,98,154,1.2,28,9,77,3
20170901,179,135,234,1.8,46,13,118,4
20170902,95,71,122,1,44,12,142,2
20170903,111,69,111,0.8,38,18,172,3
20170904,120,76,124,1,39,23,182,3
20170905,130,91,149,1.1,42,36,193,3
20170906,138,94,155,1.2,50,20,201,3
20170907,182,85,142,1,38,25,247,4
20170908,203,82,144,1,47,19,280,5
20170909,181,94,163,1.1,45,32,246,4
20170910,82,60,108,0.7,45,24,136,2
20170911,75,44,92,0.6,51,22,130,2
20170912,121,49,107,0.6,55,18,183,3
20170913,173,72,138,0.9,49,23,238,4
20170914,135,52,93,0.7,34,22,198,3
20170915,106,44,97,0.8,52,26,166,3
20170916,135,100,174,1.2,60,24,198,3
20170917,88,42,77,0.5,39,10,145,2
20170918,127,43,102,0.6,52,21,189,3
20170919,82,28,72,0.4,54,15,138,2
20170920,130,28,72,0.5,55,16,192,3
20170921,185,59,121,0.9,53,23,250,4
20170922,90,39,129,0.4,34,12,102,2
20170923,135,61,191,0.8,64,27,198,3
20170924,131,80,193,0.9,67,15,194,3
20170925,120,82,155,1.1,47,13,181,3
20170926,90,67,118,0.6,52,10,86,2
20170927,52,22,53,0.4,38,15,96,2
20170928,54,26,57,0.3,39,12,100,2
20170929,101,66,134,0.8,73,39,161,3
20170930,159,121,204,1.1,68,47,142,4
