date,aqi,pm2.5,pm10,co,no2,so2,o3,class
20131202,255,205,283,3.1,140,153,12,5
20131203,153,117,178,1.8,92,86,35,4
20131204,230,180,246,3.0,102,111,18,5
20131205,108,81,131,1.6,62,74,35,3
20131206,207,157,217,2.2,85,92,16,5
20131207,427,390,480,5.6,144,98,9,6
20131208,338,288,407,3.2,94,54,11,6
20131209,56,23,61,0.5,34,25,33,2
20131210,115,87,171,1.6,54,59,33,3
20131211,65,44,81,1.1,50,54,35,2
20131212,71,42,92,0.7,41,39,43,2
20131213,88,65,107,1.3,57,70,33,2
20131214,120,91,136,1.7,73,73,28,3
20131215,151,116,168,2.6,86,78,17,4
20131216,332,282,357,5.3,135,101,10,6
20131217,250,200,258,3.8,94,136,9,5
20131218,81,59,86,0.9,51,48,21,2
20131219,90,67,95,1.1,56,55,24,2
20131220,90,67,103,1.3,62,50,35,2
20131221,113,86,114,1.3,82,66,23,3
20131222,362,312,360,3.4,116,143,9,6
20131223,317,267,323,3.4,131,126,19,6
20131224,374,324,391,5.1,151,149,11,6
20131225,421,382,488,4.6,135,95,22,6
20131226,54,13,58,0.3,24,13,48,2
20131227,52,30,55,0.7,53,34,31,2
20131228,53,38,56,0.6,46,33,39,2
20131229,152,116,166,1.9,75,95,30,4
20131230,101,76,146,1.4,72,67,35,3
20131231,141,108,215,2.1,70,69,41,3
20140101,153,117,207,2.1,73,83,42,4
20140102,203,153,223,3.0,84,100,27,5
20140103,102,77,143,1.2,57,46,31,3
20140104,136,104,136,1.7,70,85,23,3
20140105,172,130,165,1.8,71,68,54,4
20140106,189,142,173,1.8,64,59,39,4
20140107,166,126,162,1.6,63,50,55,4
20140108,51,25,52,0.5,38,25,52,2
20140109,64,43,79,0.9,51,39,38,2
20140110,248,198,258,2.4,96,139,39,5
20140111,402,353,421,3.8,125,169,14,6
20140112,103,77,119,0.8,53,44,34,3
20140113,212,162,217,2.3,86,125,31,5
20140114,270,220,297,3.7,92,131,30,5
20140115,346,296,383,3.8,117,144,25,6
20140116,425,388,514,3.6,96,90,23,6
20140117,205,155,208,1.5,73,94,19,5
20140118,281,231,313,2.8,91,93,31,5
20140119,214,164,252,2.4,77,95,22,5
20140120,76,15,102,0.3,19,14,48,2
20140121,39,21,39,0.5,35,27,40,1
20140122,212,162,245,2.7,88,123,21,5
20140123,322,272,385,3.7,114,127,11,6
20140124,295,245,340,3.5,107,130,17,5
20140125,143,110,162,1.7,64,100,44,3
20140126,89,66,117,1.4,50,69,41,2
20140127,139,106,175,1.7,63,87,30,3
20140128,69,37,87,0.9,30,46,48,2
20140129,203,153,218,2.1,67,96,28,5
20140130,156,119,175,1.2,48,72,56,4
20140131,213,163,245,2.0,48,92,26,5
20140201,152,116,154,1.5,35,31,15,4
20140202,92,69,134,1.0,23,32,58,2
20140203,67,15,85,0.3,13,19,58,2
20140204,57,26,64,0.5,22,34,50,2
20140205,96,72,103,1.2,37,72,48,2
20140206,130,99,136,2.0,58,91,32,3
20140207,112,85,107,1.2,55,73,27,3
20140208,80,59,74,0.9,28,41,54,2
20140209,28,15,24,0.4,20,22,56,1
20140210,52,37,51,0.8,38,45,56,2
20140211,195,146,181,2.1,71,96,49,4
20140212,244,194,237,3.5,86,94,39,5
20140213,226,176,220,2.1,71,73,45,5
20140214,322,272,326,3.2,92,126,34,6
20140215,493,489,574,5.3,119,128,21,6
20140216,385,335,412,3.8,86,108,39,6
20140217,109,82,138,2.0,57,75,58,3
20140218,82,61,103,1.2,56,55,49,2
20140219,119,90,133,1.8,64,58,56,3
20140220,205,155,193,1.9,62,50,35,5
20140221,296,246,307,3.2,108,90,29,5
20140222,370,320,400,4.0,109,95,17,6
20140223,245,195,241,2.2,69,86,23,5
20140224,355,305,395,4.6,118,184,19,6
20140225,446,419,527,6.1,151,183,28,6
20140226,414,370,482,4.0,128,113,36,6
20140227,45,24,45,0.6,30,19,58,1
20140228,91,67,109,1.4,59,50,56,2
20140301,70,47,89,0.8,43,31,56,2
20140302,203,153,220,2.5,86,57,44,5
20140303,213,163,231,2.7,75,63,23,5
20140304,109,82,157,1.1,42,37,59,3
20140305,65,43,79,0.7,39,30,60,2
20140306,53,25,55,0.6,34,18,57,2
20140307,79,58,104,1.0,55,42,54,2
20140308,204,154,230,2.5,93,90,44,5
20140309,149,114,171,1.3,70,57,55,3
20140310,126,96,160,2.1,79,70,39,3
20140311,302,252,364,3.7,105,89,39,6
20140312,55,18,59,0.5,34,19,61,2
20140313,59,31,68,0.7,54,21,64,2
20140314,76,21,101,0.5,30,19,67,2
20140315,136,104,209,1.4,85,60,57,3
20140316,166,126,234,1.9,72,69,72,4
20140317,142,88,234,1.3,52,33,61,3
20140318,102,48,154,0.8,39,29,72,3
20140319,86,64,108,1.0,56,28,62,2
20140320,56,17,62,0.4,32,10,66,2
20140321,73,43,96,0.7,50,23,72,2
20140322,106,78,162,0.9,50,45,73,3
20140323,206,156,242,1.7,79,69,110,5
20140324,250,200,286,2.0,84,69,103,5
20140325,229,179,277,1.6,85,55,115,5
20140326,299,249,344,2.0,78,64,116,5
20140327,229,179,283,1.6,67,47,81,5
20140328,223,173,261,2.5,79,51,67,5
20140329,143,109,188,2.1,59,29,98,3
20140330,119,90,157,1.0,45,21,96,3
20140331,233,183,290,2.1,78,46,84,5
20140401,151,116,175,1.5,58,29,116,4
20140402,143,110,216,1.2,47,43,96,3
20140403,74,25,99,0.4,34,10,83,2
20140404,83,29,116,0.5,30,15,81,2
20140405,76,26,101,0.5,26,12,80,2
20140406,94,50,138,0.6,31,27,87,2
20140407,109,77,169,1.0,42,31,115,3
20140408,170,129,234,1.4,57,50,129,4
20140409,133,90,216,0.9,31,30,98,3
20140410,171,64,292,1.1,45,33,76,4
20140411,87,64,125,1.7,62,38,59,2
20140412,104,78,144,1.5,62,33,95,3
20140413,160,122,186,1.4,51,32,130,4
20140414,208,158,232,1.6,48,38,124,5
20140415,97,54,144,0.7,44,26,106,2
20140416,89,47,128,0.8,53,20,81,2
20140417,107,81,135,1.3,65,23,74,3
20140418,132,100,162,1.2,52,18,86,3
20140419,75,54,101,0.9,64,24,62,2
20140420,82,61,103,0.8,46,13,82,2
20140421,71,46,91,0.7,42,13,91,2
20140422,79,57,109,0.7,34,14,104,2
20140423,124,95,164,0.9,20,31,129,3
20140424,127,97,162,0.9,26,32,139,3
20140425,159,121,216,1.1,49,44,158,4
20140426,65,35,79,0.3,15,4,108,2
20140427,81,57,111,0.9,36,11,86,2
20140428,84,55,118,0.7,38,12,119,2
20140429,104,79,153,0.9,40,25,132,3
20140430,101,76,147,0.6,24,22,148,3
20140501,140,107,205,0.7,15,23,163,3
20140502,61,23,72,0.2,9,2,95,2
20140503,109,53,168,0.4,20,14,88,3
20140504,66,30,81,0.3,12,3,82,2
20140505,54,26,59,0.4,21,7,92,2
20140506,97,72,135,1.0,34,33,89,2
20140507,107,81,136,1.4,33,18,100,3
20140508,121,92,147,1.1,43,24,124,3
20140509,85,63,118,0.9,30,24,111,2
20140510,67,48,84,1.0,24,24,106,2
20140511,44,31,40,0.9,20,2,87,1
20140512,74,28,62,0.6,22,10,129,2
20140513,96,56,142,0.7,35,30,135,2
20140514,64,17,78,0.3,23,5,90,2
20140515,119,63,188,0.5,58,19,109,3
20140516,115,61,179,1.3,64,32,138,3
20140517,88,56,121,1.1,61,32,145,2
20140518,135,82,154,1.2,51,43,198,3
20140519,158,121,214,1.3,47,27,195,4
20140520,199,149,250,1.9,58,27,164,4
20140521,154,115,206,1.7,50,44,219,4
20140522,163,124,237,0.9,38,30,178,4
20140523,136,92,192,0.9,34,38,200,3
20140524,91,68,132,0.7,22,15,128,2
20140525,114,77,178,0.6,24,8,117,3
20140526,86,22,92,0.2,24,10,143,2
20140527,105,32,160,0.2,23,8,112,3
20140528,93,25,86,0.4,28,14,152,2
20140529,156,46,124,0.5,42,33,221,4
20140530,149,90,195,1.0,34,40,214,3
20140531,136,104,210,1.6,36,37,182,3
20140601,105,53,91,0.6,16,8,165,3
20140602,82,26,53,0.4,18,7,138,2
20140603,101,46,90,0.5,24,13,161,3
20140604,112,59,119,1.0,35,22,173,3
20140605,125,60,111,0.9,23,25,187,3
20140606,73,49,96,0.5,19,8,74,2
20140607,63,11,27,0.2,18,4,115,2
20140608,84,62,113,0.7,33,19,138,2
20140609,115,41,78,0.6,26,12,176,3
20140610,82,60,95,0.8,22,12,130,2
20140611,84,62,99,0.8,23,10,140,2
20140612,95,62,93,0.5,24,11,154,2
20140613,115,87,116,0.9,18,17,154,3
20140614,125,81,100,0.6,25,9,187,3
20140615,225,175,198,1.1,30,26,200,5
20140616,172,131,151,0.7,13,9,166,4
20140617,145,111,137,0.8,19,7,148,3
20140618,97,73,101,0.7,22,5,149,2
20140619,190,143,199,1.0,29,7,113,4
20140620,63,38,64,0.7,16,6,115,2
20140621,97,45,80,0.7,17,8,156,2
20140622,89,40,77,0.6,23,4,147,2
20140623,93,31,64,0.4,24,5,152,2
20140624,135,58,111,0.9,22,23,198,3
20140625,102,77,134,1.1,32,23,158,3
20140626,150,115,186,1.2,28,5,146,3
20140627,81,20,44,0.3,28,5,137,2
20140628,75,25,64,0.4,40,10,130,2
20140629,133,67,136,1.3,48,20,196,3
20140630,143,82,152,1.2,44,33,207,3
20140701,142,108,173,1.3,45,54,188,3
20140702,84,61,91,1.4,28,10,141,2
20140703,205,155,260,1.7,47,10,135,5
20140704,223,173,261,1.6,48,4,104,5
20140705,123,93,144,2.0,45,9,164,3
20140706,200,150,210,1.6,46,17,186,4
20140707,169,128,185,1.7,52,20,174,4
20140708,154,118,178,1.0,48,13,150,4
20140709,63,29,76,0.6,60,9,115,2
20140710,108,27,72,0.5,33,12,169,3
20140711,89,49,84,0.6,25,10,147,2
20140712,66,36,77,0.6,36,12,119,2
20140713,68,21,66,0.4,48,9,122,2
20140714,169,54,130,0.8,58,23,234,4
20140715,106,41,86,0.7,18,18,167,3
20140716,96,71,123,1.1,30,17,140,2
20140717,109,82,133,1.8,32,11,141,3
20140718,100,75,122,1.0,25,7,156,2
20140719,80,59,104,0.8,19,8,134,2
20140720,83,55,96,0.8,15,10,139,2
20140721,61,35,73,0.6,21,9,111,2
20140722,57,18,64,0.5,48,10,84,2
20140723,52,18,53,0.6,28,8,96,2
20140724,73,49,96,1.0,34,12,90,2
20140725,118,81,128,1.5,32,17,180,3
20140726,128,82,124,1.0,19,21,191,3
20140727,147,103,147,0.9,22,33,212,3
20140728,122,92,139,0.8,17,14,163,3
20140729,176,133,184,1.3,19,19,173,4
20140730,131,100,140,1.7,23,8,163,3
20140731,159,121,179,1.4,30,12,157,4
20140801,127,97,149,0.9,26,7,124,3
20140802,98,73,120,0.8,30,8,143,2
20140803,150,115,178,1.2,38,11,147,3
20140804,71,52,87,0.9,28,6,91,2
20140805,67,23,48,0.5,30,6,120,2
20140806,85,41,78,0.9,31,12,142,2
20140807,126,65,110,1.5,38,26,189,3
20140808,115,59,94,1.6,34,23,176,3
20140809,122,73,113,1.2,42,18,184,3
20140810,104,41,66,0.8,22,8,164,3
20140811,82,42,76,0.7,40,9,138,2
20140812,107,39,85,1.2,49,22,168,3
20140813,64,23,41,0.7,23,4,117,2
20140814,86,28,50,0.9,24,8,143,2
20140815,111,38,72,0.9,31,13,172,3
20140816,135,96,157,1.4,49,18,198,3
20140817,100,48,79,0.9,20,13,160,2
20140818,94,70,110,1.2,28,21,147,2
20140819,101,65,96,0.9,20,15,161,3
20140820,107,81,114,0.9,21,27,165,3
20140821,164,125,176,1.3,29,28,166,4
20140822,80,56,109,0.9,52,11,131,2
20140823,163,124,191,1.5,50,17,156,4
20140824,63,31,54,0.7,32,7,116,2
20140825,54,14,35,0.4,24,6,105,2
20140826,92,32,72,0.6,42,14,150,2
20140827,104,63,121,1.0,57,22,164,3
20140828,176,133,217,1.8,45,38,114,4
20140829,93,69,96,1.0,27,14,120,2
20140830,127,96,137,1.2,32,18,115,3
20140831,84,62,83,1.2,20,14,115,2
20140901,124,94,137,1.7,32,20,116,3
20140902,50,32,50,0.9,15,8,79,1
20140903,52,11,30,0.4,15,8,102,2
20140904,81,30,71,0.7,19,20,137,2
20140905,103,77,135,1.3,25,28,163,3
20140906,147,113,181,1.4,30,28,147,3
20140907,161,123,184,1.3,32,26,123,4
20140908,55,30,61,0.5,23,10,93,2
20140909,94,50,95,1.1,26,30,153,2
20140910,95,52,99,1.4,35,32,154,2
20140911,111,84,160,1.4,50,31,86,3
20140912,68,49,80,0.6,20,10,73,2
20140913,74,50,86,0.7,26,18,129,2
20140914,79,59,101,0.7,34,13,95,2
20140915,49,20,49,0.4,24,10,80,1
20140916,77,54,105,0.8,38,21,65,2
20140917,52,29,54,0.6,20,14,70,2
20140918,74,54,94,0.8,32,12,115,2
20140919,92,69,109,0.9,22,16,103,2
20140920,170,129,206,1.9,35,24,116,4
20140921,105,79,134,2.4,35,34,85,3
20140922,99,74,133,2.4,45,23,58,2
20140923,96,72,111,1.9,29,11,24,2
20140924,67,44,84,1.6,21,14,61,2
20140925,87,64,117,1.2,24,13,55,2
20140926,164,125,192,1.8,38,32,73,4
20140927,78,58,89,0.8,34,12,70,2
20140928,95,71,130,1.6,51,25,32,2
20140929,87,63,124,1.2,31,19,62,2
20140930,51,26,53,0.7,24,22,58,2
20141001,115,87,122,1.4,39,34,36,3
20141002,90,67,89,1.0,32,10,59,2
20141003,166,126,178,1.8,34,19,80,4
20141004,70,51,75,0.8,16,11,58,2
20141005,49,23,49,0.8,18,7,79,1
20141006,62,39,75,0.6,27,13,80,2
20141007,212,162,214,2.0,55,49,112,5
20141008,342,292,367,2.3,69,29,98,6
20141009,314,264,346,2.1,67,27,97,6
20141010,322,272,337,2.5,56,52,140,6
20141011,210,160,217,1.6,31,28,91,5
20141012,29,9,29,0.2,16,6,54,1
20141013,36,15,36,0.3,27,7,64,1
20141014,97,73,124,0.7,48,30,72,2
20141015,110,83,147,0.7,34,25,65,3
20141016,66,38,82,0.5,33,19,83,2
20141017,171,130,211,1.5,80,49,76,4
20141018,297,247,372,2.7,128,59,91,5
20141019,251,201,283,1.6,66,51,89,5
20141020,211,161,235,1.2,47,14,56,5
20141021,70,38,90,1.2,46,37,46,2
20141022,115,87,147,1.3,67,40,32,3
20141023,212,162,237,2.1,93,38,20,5
20141024,322,272,388,2.5,105,26,41,6
20141025,339,289,448,2.8,96,18,39,6
20141026,105,64,160,0.9,49,9,70,3
20141027,72,42,94,0.9,63,28,54,2
20141028,85,62,120,1.1,72,22,51,2
20141029,158,121,183,1.6,100,35,52,4
20141030,268,218,306,2.0,129,44,27,5
20141031,263,213,271,2.1,93,29,44,5
20141101,132,101,150,1.1,50,12,53,3
20141102,51,12,52,0.4,24,8,64,2
20141103,65,44,81,0.8,50,16,61,2
20141104,174,132,196,2.0,82,57,42,4
20141105,146,112,168,1.3,65,24,60,3
20141106,40,14,40,0.4,20,10,64,1
20141107,65,46,80,1.3,45,27,40,2
20141108,89,66,101,1.1,49,15,52,2
20141109,118,89,136,1.2,54,15,60,3
20141110,189,143,206,1.9,76,26,58,4
20141111,87,60,124,0.9,42,13,49,2
20141112,63,8,75,0.3,13,8,62,2
20141113,58,32,67,0.8,52,18,50,2
20141114,79,59,92,1.2,74,38,45,2
20141115,219,169,238,2.5,106,104,18,5
20141116,132,101,146,1.1,52,30,36,3
20141117,51,23,51,0.8,50,23,46,2
20141118,172,131,188,2.6,104,76,25,4
20141119,340,290,408,3.5,124,109,20,6
20141120,429,394,514,5.2,166,81,7,6
20141121,455,432,544,5.3,179,63,12,6
20141122,85,63,104,1.2,74,43,32,2
20141123,173,131,188,3.2,91,51,9,4
20141124,117,89,129,2.0,80,47,28,3
20141125,141,108,158,2.3,80,60,29,3
20141126,303,253,335,3.3,95,75,10,6
20141127,204,154,237,2.3,74,38,17,5
20141128,119,90,153,1.6,62,43,33,3
20141129,241,191,254,3.0,71,57,13,5
20141130,163,109,277,1.6,41,25,50,4
20141201,65,17,79,0.5,28,19,50,2
20141202,43,19,43,0.8,49,26,19,1
20141203,60,10,70,0.6,20,20,43,2
20141204,51,13,53,0.5,27,23,48,2
20141205,60,41,70,1.0,50,33,32,2
20141206,181,137,183,3.1,96,78,19,4
20141207,82,61,97,1.6,48,36,31,2
20141208,77,57,91,1.5,67,58,30,2
20141209,282,232,288,4.0,104,135,8,5
20141210,199,149,227,1.8,52,36,42,4
20141211,56,34,61,0.9,46,36,40,2
20141212,56,24,63,0.7,34,30,39,2
20141213,94,70,113,1.7,65,64,29,2
20141214,219,169,239,4.1,102,91,16,5
20141215,177,134,228,2.9,63,61,41,4
20141216,52,12,54,0.5,23,22,43,2
20141217,105,79,125,1.9,52,67,28,3
20141218,239,189,248,4.0,65,71,7,5
20141219,134,102,162,2.2,35,34,39,3
20141220,44,19,44,0.7,22,21,30,1
20141221,51,22,51,0.7,21,25,34,2
20141222,140,107,174,2.1,53,71,22,3
20141223,242,192,263,3.3,79,90,9,5
20141224,55,24,59,0.6,27,19,40,2
20141225,87,65,102,1.4,42,43,37,2
20141226,219,169,225,3.3,73,95,11,5
20141227,357,307,403,5.0,98,100,7,6
20141228,368,318,419,3.7,98,98,12,6
20141229,264,214,284,2.8,79,78,15,5
20141230,99,75,126,1.5,45,33,27,2
20141231,65,5,80,0.3,7,10,39,2
20150101,60,39,70,0.9,31,32,33,2
20150102,77,57,94,1.1,35,34,36,2
20150103,206,156,214,2.7,68,83,11,5
20150104,290,240,304,3.4,107,57,11,5
20150105,132,101,183,2.1,44,37,35,3
20150106,54,29,58,0.6,26,20,34,2
20150107,122,93,145,1.7,46,47,17,3
20150108,159,122,171,2.4,60,42,10,4
20150109,141,108,154,1.7,48,36,32,3
20150110,240,190,247,2.3,72,81,24,5
20150111,99,74,115,1.2,38,45,25,2
20150112,99,74,104,1.8,42,57,30,2
20150113,220,170,217,2.8,81,78,11,5
20150114,301,251,302,3.8,90,86,7,6
20150115,304,254,298,3.8,80,54,6,6
20150116,108,81,157,1.3,38,29,38,3
20150117,60,43,70,1.0,43,40,31,2
20150118,139,106,174,1.7,47,63,41,3
20150119,74,44,97,1.5,53,52,36,2
20150120,119,90,142,2.9,62,68,15,3
20150121,62,45,75,1.1,37,32,40,2
20150122,171,130,180,2.0,60,67,28,4
20150123,225,175,234,2.7,89,102,16,5
20150124,195,146,201,2.3,62,54,29,4
20150125,117,89,112,1.5,38,29,31,3
20150126,189,142,185,1.8,39,33,37,4
20150127,39,17,39,0.6,25,21,38,1
20150128,87,65,94,1.9,54,55,23,2
20150129,82,61,91,0.9,28,34,34,2
20150130,43,18,43,0.7,31,24,39,1
20150131,51,29,51,0.9,38,28,37,2
20150201,184,139,175,2.9,76,82,14,4
20150202,234,184,230,3.2,89,120,15,5
20150203,170,129,165,1.8,62,52,36,4
20150204,48,9,48,0.5,15,13,45,1
20150205,48,27,48,0.7,29,24,47,1
20150206,170,129,170,1.9,62,76,35,4
20150207,57,34,64,0.7,25,19,48,2
20150208,41,18,41,0.6,25,21,43,1
20150209,174,132,174,1.9,60,70,36,4
20150210,236,186,238,2.6,81,93,35,5
20150211,127,97,140,2.5,59,58,52,3
20150212,53,30,57,1.0,35,30,45,2
20150213,168,128,168,2.1,65,85,51,4
20150214,273,223,290,2.7,76,81,50,5
20150215,232,182,278,2.9,69,78,29,5
20150216,171,130,183,1.8,41,39,50,4
20150217,56,27,61,0.7,19,17,55,2
20150218,114,86,118,1.3,26,46,59,3
20150219,248,198,249,1.8,31,89,54,5
20150220,160,122,140,1.5,29,25,46,4
20150221,212,162,235,1.6,23,24,46,5
20150222,126,33,202,0.5,14,11,54,3
20150223,82,52,114,1.1,30,30,47,2
20150224,178,135,219,2.2,47,41,35,4
20150225,116,88,149,1.5,30,26,65,3
20150226,40,20,40,0.6,21,14,62,1
20150227,48,22,48,0.7,23,22,43,1
20150228,112,85,103,1.1,25,21,33,3
20150301,91,68,120,1.0,30,35,63,2
20150302,121,92,141,1.5,41,52,53,3
20150303,48,6,48,0.3,10,6,60,1
20150304,54,30,57,0.7,33,22,60,2
20150305,139,106,148,1.4,48,52,59,3
20150306,216,166,218,1.6,57,59,55,5
20150307,208,158,220,1.5,59,39,61,5
20150308,215,165,220,2.1,68,34,55,5
20150309,53,17,56,0.5,26,10,67,2
20150310,65,47,77,1.2,43,27,70,2
20150311,85,63,101,1.0,44,30,65,2
20150312,107,80,123,1.6,67,41,45,3
20150313,94,70,112,1.6,60,35,66,2
20150314,105,79,125,1.6,69,43,39,3
20150315,146,112,211,1.9,68,50,69,3
20150316,265,215,314,2.2,72,38,45,5
20150317,224,174,269,3.0,62,43,81,5
20150318,76,52,103,1.3,55,29,66,2
20150319,135,101,220,1.7,71,29,68,3
20150320,137,77,223,1.1,63,21,75,3
20150321,91,26,133,0.6,36,8,71,2
20150322,93,25,135,0.7,27,10,58,2
20150323,75,37,99,1.0,39,17,71,2
20150324,105,79,142,2.2,64,36,71,3
20150325,134,102,172,2.8,67,38,86,3
20150326,102,77,145,0.8,39,32,103,3
20150327,117,78,133,1.0,46,37,108,3
20150328,160,71,271,0.7,32,14,95,4
20150329,199,75,347,1.1,60,26,93,4
20150330,189,121,329,1.5,53,42,130,4
20150331,126,96,153,1.6,43,17,89,3
20150401,77,57,86,1.1,50,11,73,2
20150402,71,52,70,1.2,35,6,78,2
20150403,59,43,62,1.0,32,9,90,2
20150404,93,70,93,1.7,36,13,111,2
20150405,104,78,139,0.7,31,8,93,3
20150406,40,18,40,0.5,19,3,77,1
20150407,61,42,73,0.8,39,10,77,2
20150408,120,91,130,1.2,45,28,72,3
20150409,168,127,181,1.4,66,30,90,4
20150410,186,140,197,1.5,64,18,111,4
20150411,223,173,220,2.4,52,28,95,5
20150412,47,16,47,0.5,16,3,75,1
20150413,57,28,50,0.5,28,4,108,2
20150414,93,70,111,0.8,51,11,114,2
20150415,161,123,242,1.4,51,35,101,4
20150416,109,30,168,0.5,17,4,97,3
20150417,106,58,161,0.8,36,34,96,3
20150418,182,137,299,1.6,56,44,118,4
20150419,100,67,150,1.6,37,28,79,2
20150420,96,72,137,1.1,30,17,112,2
20150421,110,60,170,0.8,23,20,101,3
20150422,93,59,136,1.0,33,13,121,2
20150423,98,68,145,1.1,32,24,117,2
20150424,107,46,163,0.8,34,14,128,3
20150425,117,75,152,1.0,30,27,179,3
20150426,141,83,153,1.1,19,28,205,3
20150427,123,86,147,1.3,28,28,185,3
20150428,78,57,104,1.9,34,20,134,2
20150429,135,103,153,1.5,28,17,156,3
20150430,167,127,184,1.6,25,28,177,4
20150501,165,125,192,1.6,24,23,149,4
20150502,68,47,68,0.9,12,7,122,2
20150503,88,58,126,0.7,15,6,104,2
20150504,63,23,59,0.3,20,5,116,2
20150505,87,56,124,0.7,40,17,110,2
20150506,69,22,87,0.4,33,7,86,2
20150507,72,38,93,0.6,31,7,121,2
20150508,136,104,172,1.5,39,23,116,3
20150509,58,39,66,1.5,38,17,89,2
20150510,56,40,59,1.0,44,5,44,2
20150511,48,33,48,0.9,29,4,82,1
20150512,52,17,42,0.4,30,5,102,2
20150513,91,62,122,0.9,35,28,149,2
20150514,68,28,85,0.6,31,12,107,2
20150515,55,32,59,0.8,30,9,96,2
20150516,88,59,104,0.9,24,16,145,2
20150517,118,89,151,1.2,20,18,141,3
20150518,66,38,82,0.7,21,3,112,2
20150519,55,13,59,0.6,24,3,95,2
20150520,69,16,38,0.6,30,4,123,2
20150521,73,40,86,0.7,29,20,127,2
20150522,118,49,81,1.0,37,29,180,3
20150523,134,88,140,1.1,46,34,197,3
20150524,128,98,152,1.2,47,39,186,3
20150525,135,83,138,1.0,37,25,199,3
20150526,124,81,130,1.0,32,26,186,3
20150527,149,104,162,1.3,28,24,214,3
20150528,154,118,182,1.3,37,40,196,4
20150529,99,74,131,1.1,48,14,146,2
20150530,154,95,156,1.2,54,19,219,4
20150531,145,62,106,1.0,34,27,209,3
20150601,148,104,166,1.1,32,28,213,3
20150602,93,45,93,0.9,33,11,151,2
20150603,66,31,82,0.7,37,16,104,2
20150604,78,58,101,0.9,47,28,94,2
20150605,97,46,82,0.7,41,14,156,2
20150606,91,55,101,1.2,43,18,149,2
20150607,46,16,37,0.5,51,7,92,1
20150608,65,27,52,0.6,55,9,118,2
20150609,127,74,134,1.7,75,36,190,3
20150610,100,75,132,1.5,43,13,159,2
20150611,60,30,69,0.7,31,5,84,2
20150612,45,13,36,0.4,36,6,89,1
20150613,48,15,35,0.5,23,6,95,1
20150614,81,27,55,0.8,38,9,137,2
20150615,118,84,139,1.6,38,26,180,3
20150616,127,91,149,1.3,41,27,190,3
20150617,103,70,115,0.8,42,9,163,3
20150618,68,41,73,0.8,29,7,122,2
20150619,47,19,42,0.6,25,5,93,1
20150620,86,37,71,0.7,39,8,143,2
20150621,112,47,86,0.7,23,21,173,3
20150622,118,89,157,1.0,33,21,151,3
20150623,185,139,229,1.3,25,12,168,4
20150624,85,63,109,0.7,15,10,134,2
20150625,111,84,141,1.0,19,8,111,3
20150626,138,105,174,1.2,13,5,126,3
20150627,116,88,156,0.9,12,9,125,3
20150628,138,106,173,1.1,9,9,160,3
20150629,97,73,120,0.9,9,8,124,2
20150630,49,12,28,0.3,7,4,97,1
20150701,56,19,44,0.5,14,5,107,2
20150702,56,8,31,0.4,27,5,107,2
20150703,79,18,59,1.1,25,18,135,2
20150704,58,21,65,0.7,23,14,107,2
20150705,104,47,113,1.2,27,15,164,3
20150706,106,47,113,1.1,19,14,167,3
20150707,130,50,115,0.9,21,16,193,3
20150708,140,87,182,1.1,31,17,204,3
20150709,121,51,115,1.1,42,16,183,3
20150710,105,34,96,0.6,38,11,165,3
20150711,111,75,172,1.0,34,12,159,3
20150712,161,100,207,1.2,36,15,226,4
20150713,126,60,136,0.9,47,8,189,3
20150714,148,46,110,1.1,40,15,213,3
20150715,97,57,144,1.1,79,11,145,2
20150716,70,39,90,0.7,38,5,110,2
20150717,87,57,125,1.3,41,6,86,2
20150718,73,39,95,0.9,31,4,93,2
20150719,98,60,147,0.9,33,5,108,2
20150720,87,58,124,0.7,28,6,121,2
20150721,105,73,160,0.9,27,6,121,3
20150722,100,46,95,1.0,24,5,160,2
20150723,87,55,124,1.0,33,4,136,2
20150724,88,57,126,1.1,34,6,133,2
20150725,96,66,141,1.3,34,8,154,2
20150726,121,64,131,1.1,31,8,183,3
20150727,99,66,148,0.9,28,5,120,2
20150728,82,47,113,0.8,26,5,114,2
20150729,154,106,257,1.6,36,12,101,4
20150730,67,25,65,0.8,26,10,120,2
20150731,89,31,70,1.1,34,6,146,2
20150801,97,65,143,1.4,49,7,92,2
20150802,77,55,104,1.1,38,4,84,2
20150803,95,69,140,1.7,46,6,60,2
20150804,85,20,50,0.7,42,6,142,2
20150805,111,65,125,1.3,31,11,172,3
20150806,94,56,111,1.0,38,9,152,2
20150807,104,78,138,1.0,40,7,155,3
20150808,93,46,82,0.7,41,6,151,2
20150809,130,99,172,1.0,41,8,154,3
20150810,142,104,183,1.0,49,9,206,3
20150811,143,109,192,1.9,36,11,198,3
20150812,127,95,165,1.2,38,14,189,3
20150813,150,102,179,1.4,40,20,214,3
20150814,83,56,114,0.9,48,10,139,2
20150815,84,32,89,0.6,57,5,140,2
20150816,130,68,119,1.2,54,18,192,3
20150817,116,75,132,1.3,45,12,177,3
20150818,84,60,118,1.1,44,8,112,2
20150819,99,54,100,1.0,46,5,158,2
20150820,106,77,146,1.0,53,5,166,3
20150821,95,17,50,0.4,36,4,154,2
20150822,76,22,60,0.7,37,5,131,2
20150823,60,28,63,1.1,39,6,112,2
20150824,72,16,42,0.6,41,3,126,2
20150825,60,18,48,0.6,42,4,112,2
20150826,84,18,46,0.7,39,4,140,2
20150827,76,29,67,1.1,38,5,131,2
20150828,97,28,70,0.7,31,6,156,2
20150829,106,25,51,0.7,30,4,166,3
20150830,63,22,53,1.8,39,8,115,2
20150831,57,29,46,0.6,45,3,58,2
20150901,33,8,22,0.6,26,3,50,1
20150902,46,5,22,0.4,21,2,92,1
20150903,76,14,40,0.6,22,4,131,2
20150904,64,42,76,1.4,26,4,116,2
20150905,45,14,29,0.8,29,3,89,1
20150906,70,14,41,0.5,35,3,124,2
20150907,77,32,79,0.9,40,7,132,2
20150908,125,53,125,1.3,55,20,187,3
20150909,90,57,130,1.3,64,9,73,2
20150910,60,8,30,0.4,48,4,34,2
20150911,45,8,25,0.3,36,2,82,1
20150912,42,4,25,0.2,33,3,75,1
20150913,63,22,70,0.5,50,9,112,2
20150914,98,61,132,1.2,48,23,157,2
20150915,147,112,188,1.5,73,23,202,3
20150916,156,119,193,1.4,74,17,180,4
20150917,176,133,215,1.6,75,20,181,4
20150918,110,83,149,1.0,81,8,140,3
20150919,79,45,98,1.3,63,12,116,2
20150920,87,64,123,1.5,56,17,136,2
20150921,120,82,151,1.4,65,40,182,3
20150922,149,114,187,1.5,49,15,138,3
20150923,72,45,85,1.0,57,4,99,2
20150924,173,131,230,1.7,65,8,104,4
20150925,67,22,56,0.9,53,6,69,2
20150926,79,40,103,0.8,58,10,134,2
20150927,99,74,146,1.0,66,16,133,2
20150928,65,47,79,1.7,51,9,96,2
20150929,72,35,64,1.5,57,7,14,2
20150930,53,32,53,1.1,42,6,26,2
20151001,39,14,39,0.4,22,4,70,1
20151002,66,24,81,0.6,34,8,87,2
20151003,69,27,88,1.0,40,13,100,2
20151004,148,113,198,1.7,69,35,170,3
20151005,357,307,450,2.4,83,22,159,6
20151006,255,205,308,1.9,71,18,150,5
20151007,215,165,257,1.4,45,21,144,5
20151008,57,6,64,0.2,26,3,80,2
20151009,59,18,68,0.3,29,5,60,2
20151010,34,4,34,0.5,20,2,54,1
20151011,46,12,46,0.7,35,4,64,1
20151012,55,20,54,0.8,44,8,74,2
20151013,79,52,92,0.9,63,15,81,2
20151014,234,184,261,4.5,102,32,36,5
20151015,236,186,249,2.6,80,22,146,5
20151016,313,263,327,2.7,101,40,164,6
20151017,313,263,329,2.3,96,45,109,6
20151018,130,99,143,1.3,53,17,42,3
20151019,85,59,120,1.0,58,13,59,2
20151020,105,79,140,1.6,61,18,18,3
20151021,67,48,74,1.1,41,6,25,2
20151022,60,33,47,0.9,48,4,15,2
20151023,64,46,68,0.8,38,5,57,2
20151024,73,53,89,1.2,48,12,52,2
20151025,64,26,59,0.6,51,13,37,2
20151026,58,40,66,0.7,31,4,40,2
20151027,58,19,55,0.6,46,6,49,2
20151028,70,14,42,0.4,56,5,58,2
20151029,53,8,33,0.3,42,4,62,2
20151030,65,22,47,0.7,52,10,52,2
20151031,93,69,109,1.4,70,18,42,2
20151101,213,163,212,2.2,88,27,43,5
20151102,195,146,190,1.7,84,25,55,4
20151103,202,152,194,1.7,69,38,99,5
20151104,249,199,251,1.9,91,40,78,5
20151105,153,117,160,1.1,57,12,34,4
20151106,34,22,34,0.5,27,3,29,1
20151107,38,23,32,0.7,30,4,37,1
20151108,82,60,72,1.2,42,6,30,2
20151109,148,113,134,1.2,33,6,27,3
20151110,179,135,178,1.5,46,14,24,4
20151111,189,142,186,2.2,53,12,4,4
20151112,221,171,222,3.1,58,23,7,5
20151113,252,202,251,3.6,66,30,18,5
20151114,245,195,247,2.3,57,24,6,5
20151115,262,212,269,2.2,58,27,20,5
20151116,63,44,76,1.2,42,31,20,2
20151117,107,80,122,1.8,46,24,16,3
20151118,64,46,69,0.8,39,20,18,2
20151119,100,75,97,1.1,41,12,10,2
20151120,83,61,71,1.7,37,14,10,2
20151121,59,42,45,1.8,39,16,6,2
20151122,60,43,52,1.1,35,18,38,2
20151123,59,42,48,0.9,38,21,41,2
20151124,75,55,61,1.6,56,35,24,2
20151125,113,85,69,1.3,41,24,38,3
20151126,55,33,43,0.7,44,14,42,2
20151127,262,212,223,2.2,82,50,42,5
20151128,340,290,298,3.8,109,68,20,6
20151129,353,303,316,3.8,141,68,6,6
20151130,500,504,616,5.6,164,67,4,6
20151201,297,247,324,3.0,68,36,3,5
20151202,84,62,96,0.9,31,20,31,2
20151203,42,16,42,0.5,28,14,34,1
20151204,73,44,69,1.2,58,36,29,2
20151205,80,59,93,1.5,64,40,35,2
20151206,200,150,212,3.0,96,82,21,4
20151207,200,150,205,3.0,86,55,2,4
20151208,214,164,208,3.0,69,19,1,5
20151209,338,288,353,4.8,95,51,2,6
20151210,205,155,198,2.7,61,29,37,5
20151211,85,60,87,2.0,68,39,33,2
20151212,254,204,254,3.4,90,66,8,5
20151213,313,263,349,4.6,99,73,3,6
20151214,245,195,230,2.6,84,30,6,5
20151215,48,30,48,0.6,29,10,38,1
20151216,34,15,34,0.4,21,8,30,1
20151217,82,60,84,1.6,58,39,22,2
20151218,144,110,149,2.3,69,57,29,3
20151219,170,129,172,3.7,87,52,16,4
20151220,292,242,294,4.6,96,60,2,5
20151221,412,368,443,6.2,120,47,3,6
20151222,412,368,498,5.9,118,35,2,6
20151223,374,324,451,5.7,135,48,3,6
20151224,359,309,413,5.6,110,51,6,6
20151225,306,256,390,5.3,97,24,8,6
20151226,176,133,221,2.7,66,20,22,4
20151227,60,36,70,1.0,44,25,26,2
20151228,199,149,212,3.1,80,48,11,4
20151229,374,324,446,5.5,104,68,4,6
20151230,158,120,176,1.8,65,30,30,4
20151231,135,103,152,2.9,87,49,11,3
20160101,337,287,385,5.6,115,71,2,6
20160102,400,350,459,5.7,137,59,5,6
20160103,210,160,229,1.8,55,30,22,5
20160104,105,79,127,1.4,54,21,36,3
20160105,60,41,70,0.9,45,21,23,2
20160106,67,43,83,1.0,46,22,32,2
20160107,52,21,54,0.8,34,15,35,2
20160108,49,23,49,0.8,39,20,42,1
20160109,236,186,255,3.4,103,100,16,5
20160110,180,136,200,2.6,73,56,28,4
20160111,49,21,49,0.5,35,13,42,1
20160112,57,35,60,1.0,45,23,37,2
20160113,102,76,119,2.4,71,51,26,3
20160114,203,153,220,4.8,92,89,29,5
20160115,219,169,238,4.2,97,80,22,5
20160116,118,89,140,1.6,55,38,12,3
20160117,54,30,58,0.7,32,13,44,2
20160118,55,16,60,0.5,22,8,38,2
20160119,74,54,92,1.8,55,41,28,2
20160120,168,127,193,3.9,86,78,4,4
20160121,104,78,108,2.0,59,32,9,3
20160122,61,23,72,0.4,28,9,50,2
20160123,55,13,60,0.4,24,10,48,2
20160124,52,20,54,0.8,39,22,43,2
20160125,90,64,97,1.7,72,45,41,2
20160126,60,39,68,0.9,48,31,53,2
20160127,210,160,187,3.4,96,96,33,5
20160128,147,112,156,2.5,93,75,24,3
20160129,64,42,76,1.2,51,37,32,2
20160130,89,66,94,1.7,62,39,36,2
20160131,59,42,58,0.8,40,21,58,2
20160201,65,38,60,1.2,52,27,52,2
20160202,68,30,45,1.1,54,29,56,2
20160203,109,82,113,2.1,78,56,55,3
20160204,45,21,39,0.7,36,18,64,1
20160205,39,16,39,0.4,20,12,67,1
20160206,53,35,56,1.0,36,30,69,2
20160207,150,115,157,1.3,41,62,81,3
20160208,267,217,295,1.7,48,110,70,5
20160209,82,60,76,2.0,43,45,72,2
20160210,123,93,124,2.7,60,69,44,3
20160211,158,120,184,3.3,62,44,18,4
20160212,198,148,182,2.4,48,35,63,4
20160213,33,18,28,0.4,12,6,66,1
20160214,34,11,21,0.3,14,7,68,1
20160215,40,14,40,0.7,24,15,70,1
20160216,52,22,54,0.9,29,17,71,2
20160217,54,36,56,1.2,43,30,74,2
20160218,44,22,44,0.6,29,15,75,1
20160219,50,24,44,1.0,40,16,72,1
20160220,38,16,31,0.6,28,14,75,1
20160221,112,84,129,1.9,58,52,63,3
20160222,90,67,114,1.8,47,32,70,2
20160223,35,11,28,0.5,22,8,70,1
20160224,51,28,51,0.9,37,21,69,2
20160225,59,25,55,1.0,47,20,62,2
20160226,58,30,65,1.0,45,28,65,2
20160227,58,28,52,0.8,46,19,64,2
20160228,58,33,65,0.9,32,16,71,2
20160229,48,22,42,0.8,38,18,64,1
20160301,122,92,142,1.8,75,61,58,3
20160302,213,163,241,2.3,98,81,72,5
20160303,262,212,301,2.6,92,59,57,5
20160304,218,168,240,2.3,72,32,40,5
20160305,156,50,261,0.5,34,12,74,4
20160306,155,92,259,2.1,93,55,23,4
20160307,91,38,131,1.2,40,26,75,2
20160308,41,12,41,0.4,24,8,65,1
20160309,37,14,37,0.4,28,11,68,1
20160310,51,15,51,0.5,30,19,76,2
20160311,57,23,64,0.8,43,19,73,2
20160312,117,88,158,2.2,86,70,43,3
20160313,61,32,71,0.7,41,24,82,2
20160314,94,68,138,1.2,58,37,78,2
20160315,119,90,179,1.2,48,39,95,3
20160316,219,169,250,1.6,62,41,135,5
20160317,248,198,294,2.4,96,59,129,5
20160318,188,141,224,1.5,83,27,114,4
20160319,94,70,130,1.2,48,18,75,2
20160320,88,52,106,1.3,70,19,98,2
20160321,132,100,193,1.3,75,38,139,3
20160322,118,78,186,1.4,78,34,91,3
20160323,55,21,59,0.5,40,8,85,2
20160324,48,13,36,0.5,38,4,90,1
20160325,72,30,74,1.3,57,23,92,2
20160326,65,23,66,0.5,52,10,86,2
20160327,63,18,60,0.6,50,9,93,2
20160328,116,64,181,0.9,54,33,100,3
20160329,54,12,58,0.4,31,6,97,2
20160330,74,28,84,1.2,59,18,86,2
20160331,141,93,231,1.3,60,30,125,3
20160401,92,32,133,0.5,26,9,104,2
20160402,43,10,30,0.3,24,3,86,1
20160403,54,14,58,0.4,30,4,93,2
20160404,94,70,125,1.0,45,28,117,2
20160405,107,80,160,1.1,45,28,120,3
20160406,123,93,158,1.7,62,24,108,3
20160407,93,64,136,0.9,55,8,98,2
20160408,63,17,76,0.4,33,7,106,2
20160409,139,66,228,0.9,46,21,96,3
20160410,97,35,143,0.9,50,19,94,2
20160411,75,30,89,0.7,60,12,80,2
20160412,74,51,97,1.0,59,13,90,2
20160413,172,130,221,1.5,65,18,136,4
20160414,67,25,84,0.4,35,5,100,2
20160415,90,44,106,1.7,72,33,107,2
20160416,59,12,68,0.2,24,3,82,2
20160417,49,8,40,0.3,29,2,98,1
20160418,49,8,43,0.4,32,5,98,1
20160419,85,53,107,1.7,68,24,66,2
20160420,66,39,81,0.7,40,12,116,2
20160421,95,60,140,0.8,46,15,130,2
20160422,72,21,93,0.3,34,3,115,2
20160423,52,12,54,0.5,40,7,89,2
20160424,94,44,120,0.8,50,24,152,2
20160425,103,49,114,0.7,30,14,163,3
20160426,77,44,104,0.9,40,15,130,2
20160427,83,57,112,1.0,54,16,139,2
20160428,101,61,124,0.9,60,13,161,3
20160429,147,76,149,1.3,48,26,211,3
20160430,150,81,146,1.0,34,18,214,3
20160501,137,104,180,1.7,31,26,172,3
20160502,102,44,153,0.4,14,4,126,3
20160503,63,14,76,0.3,28,2,109,2
20160504,70,19,57,0.6,49,7,124,2
20160505,76,40,102,1.7,56,26,91,2
20160506,117,48,184,0.2,21,3,99,3
20160507,71,14,51,0.4,36,6,125,2
20160508,90,39,96,0.9,39,21,147,2
20160509,68,32,85,0.7,42,13,114,2
20160510,104,26,74,0.6,45,7,164,3
20160511,108,81,140,1.0,30,12,162,3
20160512,55,22,47,0.5,28,4,106,2
20160513,70,26,59,0.6,37,14,124,2
20160514,52,36,51,0.7,29,4,89,2
20160515,51,30,51,0.6,35,2,92,2
20160516,66,18,52,0.4,32,10,119,2
20160517,129,44,94,0.8,35,19,191,3
20160518,120,51,95,0.9,28,13,182,3
20160519,174,61,100,0.8,36,19,239,4
20160520,116,64,98,1.0,62,19,177,3
20160521,112,54,86,1.0,52,22,173,3
20160522,119,41,88,1.1,64,22,180,3
20160523,85,56,99,1.2,51,29,142,2
20160524,62,14,36,0.4,24,4,114,2
20160525,65,10,29,0.4,24,3,118,2
20160526,60,21,55,0.4,34,7,112,2
20160527,90,53,110,0.9,48,31,148,2
20160528,108,35,66,0.8,26,28,168,3
20160529,82,34,77,0.7,36,12,138,2
20160530,167,81,139,1.2,41,20,232,4
20160531,113,28,92,0.5,36,9,174,3
20160601,90,18,51,0.7,47,12,147,2
20160602,147,30,69,0.8,43,20,211,3
20160603,143,55,101,1.4,55,38,207,3
20160604,147,71,116,1.0,35,19,211,3
20160605,136,43,74,0.7,42,19,199,3
20160606,149,85,136,1.0,40,12,213,3
20160607,100,58,108,1.4,32,6,159,2
20160608,154,110,170,1.5,49,12,219,4
20160609,139,71,129,1.0,38,13,202,3
20160610,109,53,81,0.8,25,5,169,3
20160611,68,7,24,0.5,36,2,121,2
20160612,140,39,75,0.9,35,10,203,3
20160613,79,43,66,0.9,40,5,134,2
20160614,60,43,57,0.8,31,3,72,2
20160615,80,17,28,0.5,31,3,136,2
20160616,106,28,71,0.8,45,7,166,3
20160617,69,25,72,0.7,36,10,122,2
20160618,102,32,70,1.1,41,10,162,3
20160619,150,56,99,0.9,33,13,215,3
20160620,157,54,86,0.9,31,7,222,4
20160621,140,102,146,1.3,36,6,204,3
20160622,132,40,74,0.9,30,7,195,3
20160623,88,50,97,1.2,47,9,145,2
20160624,70,10,34,0.4,40,2,124,2
20160625,86,10,37,0.5,42,4,143,2
20160626,134,28,81,0.7,46,18,197,3
20160627,75,48,88,0.9,46,14,129,2
20160628,64,46,56,0.8,39,2,102,2
20160629,152,116,143,1.1,36,2,134,4
20160630,114,86,115,1.0,46,2,164,3
20160701,134,62,99,1.1,33,6,197,3
20160702,137,34,64,0.7,32,8,200,3
20160703,129,70,107,1.0,47,16,191,3
20160704,122,92,129,1.2,48,9,169,3
20160705,144,66,98,1.0,32,9,208,3
20160706,148,54,94,1.1,43,15,212,3
20160707,159,78,116,1.2,45,11,224,4
20160708,95,65,100,1.2,44,7,154,2
20160709,94,60,97,0.9,35,7,152,2
20160710,99,54,85,0.7,28,10,158,2
20160711,96,60,99,0.8,32,11,155,2
20160712,62,43,74,0.8,46,7,62,2
20160713,111,20,49,0.9,42,8,172,3
20160714,109,32,64,1.0,52,14,169,3
20160715,53,26,44,0.6,42,2,74,2
20160716,110,38,73,0.9,54,6,170,3
20160717,131,70,114,1.3,37,8,194,3
20160718,120,37,75,0.9,52,14,181,3
20160719,119,90,137,1.3,36,4,72,3
20160720,48,28,48,0.8,20,2,60,1
20160721,57,40,63,1.0,32,3,48,2
20160722,66,38,58,0.8,38,3,119,2
20160723,133,101,144,1.2,50,4,143,3
20160724,77,56,90,0.9,40,4,108,2
20160725,48,30,47,0.8,38,3,91,1
20160726,106,18,38,0.8,30,5,166,3
20160727,114,51,91,0.9,31,7,175,3
20160728,117,59,88,0.9,35,4,178,3
20160729,145,90,129,1.4,37,5,209,3
20160730,139,106,154,1.1,28,3,124,3
20160731,94,70,108,1.9,36,5,135,2
20160801,103,77,115,2.0,54,9,116,3
20160802,99,48,78,0.9,35,4,158,2
20160803,136,66,104,1.2,35,5,199,3
20160804,115,76,117,1.4,42,12,176,3
20160805,89,61,96,0.7,46,7,146,2
20160806,108,81,121,0.9,41,6,148,3
20160807,69,24,44,0.7,32,4,122,2
20160808,104,30,52,1.0,42,8,164,3
20160809,90,54,95,1.5,54,12,148,2
20160810,97,72,109,0.8,37,5,132,2
20160811,79,58,91,0.8,33,6,134,2
20160812,67,48,77,0.9,37,4,95,2
20160813,77,30,62,0.9,61,4,42,2
20160814,75,18,57,0.7,60,4,127,2
20160815,55,24,48,0.7,44,3,102,2
20160816,90,17,45,0.6,39,3,147,2
20160817,90,67,108,1.1,62,6,121,2
20160818,92,68,105,1.6,53,4,17,2
20160819,76,18,34,0.8,28,4,131,2
20160820,124,30,58,1.1,42,4,186,3
20160821,169,46,84,0.9,40,4,234,4
20160822,176,48,92,1.3,42,12,241,4
20160823,140,56,100,1.3,50,20,204,3
20160824,110,83,135,0.9,58,6,167,3
20160825,53,25,55,0.4,40,3,68,2
20160826,56,10,36,0.4,44,3,107,2
20160827,68,11,51,0.4,51,4,121,2
20160828,69,10,40,0.4,41,4,122,2
20160829,77,23,66,0.6,46,11,132,2
20160830,155,37,93,0.7,41,12,220,4
20160831,63,22,67,0.4,50,6,104,2
20160901,54,8,36,0.3,43,2,74,2
20160902,55,13,42,0.4,44,3,97,2
20160903,95,12,35,0.6,34,3,154,2
20160904,130,48,88,1.4,39,12,193,3
20160905,75,28,58,0.6,34,3,130,2
20160906,65,37,80,0.6,52,6,88,2
20160907,83,22,49,0.8,28,8,139,2
20160908,75,16,34,0.5,40,3,130,2
20160909,63,26,58,0.6,50,5,108,2
20160910,75,40,82,1.2,48,10,130,2
20160911,64,32,50,0.9,29,3,116,2
20160912,87,28,54,0.6,44,4,144,2
20160913,108,55,97,1.4,39,9,168,3
20160914,110,60,104,1.0,36,8,170,3
20160915,115,87,148,1.2,36,7,150,3
20160916,115,87,142,1.2,28,8,167,3
20160917,50,31,49,1.0,40,6,54,1
20160918,43,14,31,0.5,34,4,34,1
20160919,49,9,25,0.5,39,3,86,1
20160920,68,16,47,0.5,54,5,118,2
20160921,77,44,87,1.4,61,15,112,2
20160922,114,83,140,1.3,67,14,175,3
20160923,106,72,110,0.9,53,5,166,3
20160924,133,101,143,1.2,57,4,153,3
20160925,109,82,128,1.2,46,5,152,3
20160926,60,40,68,1.4,48,3,32,2
20160927,44,20,44,0.4,24,2,63,1
20160928,55,12,32,0.4,44,3,70,2
20160929,73,39,78,0.8,58,15,120,2
20160930,100,67,132,1.2,80,16,151,2
20161001,137,104,166,1.7,73,18,126,3
20161002,129,98,143,1.5,61,10,124,3
20161003,99,74,110,1.2,37,6,137,2
20161004,45,17,45,0.7,27,4,46,1
20161005,58,38,66,1.5,46,6,66,2
20161006,49,26,49,0.6,34,4,39,1
20161007,58,25,39,1.9,46,4,15,2
20161008,38,11,23,0.1,30,3,65,1
20161009,65,26,60,0.7,52,12,53,2
20161010,112,84,152,1.7,85,30,40,3
20161011,97,72,124,1.5,66,10,44,2
20161012,78,48,95,1.2,62,11,87,2
20161013,152,116,196,2.2,83,19,78,4
20161014,75,52,99,1.1,57,16,77,2
20161015,122,92,160,2.0,89,16,6,3
20161016,77,56,92,1.2,46,6,78,2
20161017,69,46,88,1.4,48,7,82,2
20161018,89,66,126,2.1,67,12,16,2
20161019,199,149,231,2.0,67,10,41,4
20161020,83,50,88,1.0,66,10,42,2
20161021,68,38,61,1.0,54,5,16,2
20161022,49,21,32,0.6,39,3,25,1
20161023,68,27,49,0.7,54,4,51,2
20161024,98,73,127,1.6,73,12,4,2
20161025,127,96,148,1.8,80,16,22,3
20161026,74,52,96,1.5,59,7,31,2
20161027,78,34,59,1.6,62,13,11,2
20161028,59,14,28,0.5,47,3,62,2
20161029,75,31,64,0.9,60,10,54,2
20161030,77,56,95,1.0,55,20,48,2
20161031,45,15,28,0.3,36,4,56,1
20161101,90,64,101,0.8,72,17,67,2
20161102,115,87,143,1.3,85,35,34,3
20161103,208,158,262,2.4,85,18,12,5
20161104,142,108,180,3.4,82,6,12,3
20161105,123,93,145,2.5,78,6,56,3
20161106,72,49,76,1.0,57,13,40,2
20161107,60,40,65,0.8,48,6,49,2
20161108,72,42,72,1.1,57,12,52,2
20161109,145,111,158,2.0,73,28,48,3
20161110,156,119,177,1.8,52,13,26,4
20161111,173,131,197,3.6,75,24,5,4
20161112,89,62,111,2.1,71,23,25,2
20161113,112,84,154,3.2,68,18,2,3
20161114,80,55,109,1.8,49,11,58,2
20161115,85,44,80,1.6,68,25,33,2
20161116,117,88,150,2.4,78,22,17,3
20161117,104,78,122,2.6,59,28,6,3
20161118,180,136,239,4.0,67,25,2,4
20161119,125,95,142,2.6,54,11,44,3
20161120,59,42,67,1.3,36,8,20,2
20161121,30,16,28,0.4,17,4,60,1
20161122,38,16,35,0.4,30,8,62,1
20161123,70,51,77,1.0,53,20,44,2
20161124,112,84,133,2.0,77,38,31,3
20161125,236,186,260,3.2,90,45,12,5
20161126,290,240,367,4.2,104,51,11,5
20161127,83,58,116,1.4,56,20,55,2
20161128,119,90,138,2.5,80,41,35,3
20161129,148,113,173,3.5,85,42,3,3
20161130,180,136,204,2.6,83,33,35,4
20161201,59,28,50,0.9,47,17,53,2
20161202,189,142,200,3.0,90,74,22,4
20161203,367,317,432,6.2,125,43,3,6
20161204,297,247,362,5.0,106,19,3,5
20161205,66,45,82,1.5,44,14,54,2
20161206,180,136,196,3.0,78,42,20,4
20161207,205,155,216,3.5,96,38,12,5
20161208,100,75,121,1.6,47,19,60,2
20161209,59,29,51,1.1,47,12,51,2
20161210,114,86,122,3.0,79,32,24,3
20161211,248,198,260,3.9,114,65,5,5
20161212,262,212,288,3.1,110,50,3,5
20161213,113,85,116,1.9,70,20,23,3
20161214,55,24,42,0.7,44,11,54,2
20161215,70,40,68,1.0,56,18,61,2
20161216,241,191,246,3.2,99,64,18,5
20161217,340,290,365,5.1,121,43,4,6
20161218,352,302,378,5.6,130,39,8,6
20161219,429,393,481,9.0,142,26,4,6
20161220,313,263,372,8.2,135,11,7,6
20161221,304,254,389,7.1,129,15,6,6
20161222,125,95,152,3.0,57,9,48,3
20161223,68,34,54,0.9,54,12,50,2
20161224,113,85,122,2.1,79,39,37,3
20161225,232,182,249,4.2,108,44,2,5
20161226,114,86,116,1.8,59,22,34,3
20161227,78,52,80,1.5,62,13,45,2
20161228,94,70,102,1.2,52,12,44,2
20161229,84,62,90,1.2,60,14,41,2
20161230,249,199,268,3.0,86,24,10,5
20161231,375,325,418,5.5,102,19,2,6
20170101,303,253,362,4.8,96,14,9,6
20170102,328,278,359,5.8,129,23,33,6
20170103,402,352,500,7.8,129,26,15,6
20170104,334,284,402,8.7,142,15,8,6
20170105,230,180,266,5.9,102,33,14,5
20170106,221,171,224,5.0,105,38,22,5
20170107,260,210,258,5.2,101,30,2,5
20170108,178,134,174,3.8,70,19,32,4
20170109,58,41,62,1.1,32,10,61,2
20170110,57,39,63,0.8,36,11,64,2
20170111,173,131,171,2.2,87,52,24,4
20170112,124,94,128,2.2,83,27,27,3
20170113,35,15,33,0.4,28,5,69,1
20170114,55,24,43,0.7,44,11,55,2
20170115,84,62,93,1.4,54,21,44,2
20170116,114,86,120,2.3,68,29,10,3
20170117,160,122,168,2.4,68,30,24,4
20170118,104,78,112,1.9,70,25,40,3
20170119,73,49,95,1.4,43,18,71,2
20170120,50,31,49,0.7,40,13,60,1
20170121,63,44,76,0.9,38,15,74,2
20170122,62,32,49,0.9,49,16,55,2
20170123,137,104,144,3.0,84,45,22,3
20170124,168,127,168,3.9,91,54,42,4
20170125,256,206,258,4.4,102,52,23,5
20170126,262,212,288,3.8,70,34,76,5
20170127,135,103,146,1.3,39,35,76,3
20170128,315,265,335,3.3,62,70,15,6
20170129,80,59,101,1.4,23,11,71,2
20170130,37,23,34,0.7,22,10,73,1
20170131,104,78,104,1.5,38,32,77,3
20170201,51,31,52,0.8,26,12,81,2
20170202,223,173,223,2.8,71,80,64,5
20170203,307,257,322,4.2,90,72,70,6
20170204,309,259,317,2.8,61,35,55,6
20170205,50,35,50,1.0,34,10,84,1
20170206,40,22,38,0.9,31,9,80,1
20170207,80,59,90,1.7,62,27,50,2
20170208,58,40,66,1.2,40,11,84,2
20170209,43,12,28,0.6,24,2,86,1
20170210,41,13,27,0.7,31,4,81,1
20170211,83,58,87,1.4,66,24,68,2
20170212,232,182,258,3.7,115,70,45,5
20170213,198,148,212,3.4,97,44,68,4
20170214,188,141,200,3.1,107,39,34,4
20170215,276,226,301,4.3,134,59,40,5
20170216,163,124,186,2.3,77,32,80,4
20170217,53,24,50,0.6,42,8,82,2
20170218,115,87,146,1.7,84,38,78,3
20170219,127,96,175,2.1,69,27,84,3
20170220,50,18,42,1.0,40,6,81,1
20170221,85,54,89,1.7,68,26,48,2
20170222,129,98,120,1.6,45,12,85,3
20170223,57,26,44,1.0,45,10,86,2
20170224,90,67,98,1.5,67,16,79,2
20170225,62,20,39,0.9,49,7,88,2
20170226,83,38,67,1.5,66,23,79,2
20170227,114,86,139,1.7,82,27,86,3
20170228,90,36,67,1.0,72,12,83,2
20170301,51,17,52,0.4,35,8,94,2
20170302,62,32,71,0.8,49,17,80,2
20170303,97,72,138,1.3,63,29,63,2
20170304,119,90,140,2.1,86,38,94,3
20170305,70,49,90,1.2,46,14,85,2
20170306,52,24,53,0.7,41,8,79,2
20170307,41,11,31,0.4,27,3,82,1
20170308,50,15,35,0.5,40,6,99,1
20170309,52,20,42,0.6,41,7,95,2
20170310,89,54,99,1.2,71,25,100,2
20170311,93,69,122,1.1,72,29,69,2
20170312,47,14,44,0.4,33,4,93,1
20170313,53,14,34,0.5,42,6,89,2
20170314,72,27,62,0.9,57,13,89,2
20170315,95,71,122,1.4,75,26,103,2
20170316,122,92,166,1.2,65,37,111,3
20170317,150,115,180,1.3,60,31,95,3
20170318,221,171,255,2.2,80,28,147,5
20170319,242,192,264,2.0,86,42,149,5
20170320,124,94,154,1.6,66,27,71,3
20170321,97,72,132,1.0,40,15,124,2
20170322,172,130,201,1.8,81,46,84,4
20170323,142,108,143,1.2,50,13,93,3
20170324,80,59,82,1.1,47,4,79,2
20170325,70,51,70,1.2,52,4,78,2
20170326,49,15,31,0.3,25,3,97,1
20170327,52,18,42,0.4,41,4,102,2
20170328,77,44,72,0.6,35,15,132,2
20170329,118,89,136,0.8,38,14,122,3
20170330,110,83,143,1.2,52,18,74,3
20170331,57,30,63,0.7,38,14,92,2
20170401,66,39,81,0.8,52,10,104,2
20170402,100,72,130,1.8,80,37,120,2
20170403,180,136,216,2.0,84,33,173,4
20170404,142,108,171,1.4,56,33,102,3
20170405,90,67,92,1.0,35,8,121,2
20170406,110,83,128,1.2,43,12,148,3
20170407,90,67,130,1.0,55,10,89,2
20170408,90,64,129,1.1,60,12,73,2
20170409,77,51,104,1.0,46,16,104,2
20170410,78,48,106,0.9,41,29,101,2
20170411,68,29,86,0.7,41,10,105,2
20170412,84,44,118,0.8,42,13,124,2
20170413,99,65,148,2.0,70,36,85,2
20170414,78,40,106,0.8,40,10,126,2
20170415,75,36,100,0.6,46,9,126,2
20170416,132,100,197,1.4,69,35,114,3
20170417,142,102,234,1.2,42,10,109,3
20170418,72,22,94,0.5,29,3,110,2
20170419,79,39,108,1.0,62,10,50,2
20170420,83,52,115,1.0,52,15,99,2
20170421,68,19,58,0.4,28,3,121,2
20170422,84,36,114,0.6,32,16,140,2
20170423,70,32,84,0.6,33,8,124,2
20170424,80,38,110,0.9,43,12,117,2
20170425,50,18,45,0.4,40,2,84,1
20170426,64,24,62,0.4,51,3,111,2
20170427,70,21,78,0.4,41,7,124,2
20170428,82,29,82,0.5,45,6,138,2
20170429,75,36,100,0.4,40,5,128,2
20170430,108,50,165,0.6,40,8,125,3
20170501,81,40,112,0.8,50,14,126,2
20170502,152,63,146,1.6,56,30,217,4
20170503,85,46,100,0.8,38,9,142,2
20170504,500,243,922,0.6,28,7,106,6
20170505,500,154,623,0.6,33,6,93,6
20170506,83,32,116,0.5,37,9,135,2
20170507,89,35,98,0.8,51,12,146,2
20170508,158,75,180,1.1,52,24,223,4
20170509,114,35,87,0.7,25,9,175,3
20170510,91,36,82,0.6,34,5,149,2
20170511,108,40,165,0.6,42,8,113,3
20170512,119,38,188,0.4,30,8,160,3
20170513,67,24,84,0.3,23,2,108,2
20170514,88,22,57,0.6,39,7,145,2
20170515,85,25,73,0.7,40,8,141,2
20170516,130,41,92,0.8,34,17,193,3
20170517,154,50,103,1.0,31,15,219,4
20170518,190,74,147,1.2,34,18,255,4
20170519,146,66,129,1.0,28,14,210,3
20170520,163,62,114,1.0,36,15,228,4
20170521,100,56,92,1.1,28,10,159,2
20170522,58,41,59,1.2,33,4,51,2
20170523,99,24,48,0.6,32,4,158,2
20170524,95,22,56,0.6,38,4,154,2
20170525,79,24,79,0.7,40,8,134,2
20170526,163,32,78,0.8,49,15,228,4
20170527,189,54,126,1.8,54,28,254,4
20170528,207,80,168,2.2,46,29,300,5
20170529,67,30,84,1.0,30,12,107,2
20170530,107,36,82,0.8,36,3,167,3
20170531,139,70,138,1.2,34,11,202,3
20170601,122,35,69,1.1,33,10,184,3
20170602,55,25,59,1.2,44,14,71,2
20170603,97,27,59,1.0,36,8,156,2
20170604,137,37,83,1.0,40,18,200,3
20170605,163,61,120,1.2,61,23,228,4
20170606,59,42,62,0.7,29,2,100,2
20170607,105,46,74,0.9,35,6,165,3
20170608,84,37,80,0.8,54,7,140,2
20170609,150,32,84,0.6,30,18,214,3
20170610,63,19,56,0.8,35,15,115,2
20170611,94,28,70,0.8,54,14,152,2
20170612,111,36,76,1.1,44,16,172,3
20170613,96,34,60,0.8,42,6,155,2
20170614,140,42,84,0.8,47,6,203,3
20170615,180,53,110,0.7,39,13,245,4
20170616,170,58,119,0.7,34,16,235,4
20170617,150,56,122,0.8,47,10,214,3
20170618,182,55,114,0.8,39,9,247,4
20170619,186,54,94,0.9,33,10,251,4
20170620,155,33,59,0.6,36,7,220,4
20170621,144,41,70,0.8,34,16,208,3
20170622,60,38,50,1.2,26,3,111,2
20170623,50,34,50,1.0,23,4,96,1
20170624,65,30,47,0.6,29,4,118,2
20170625,143,36,59,0.7,39,2,207,3
20170626,156,28,55,0.6,51,3,221,4
20170627,205,65,119,1.2,46,14,289,5
20170628,201,92,152,1.2,46,12,267,5
20170629,154,94,134,1.2,35,10,219,4
20170630,182,61,97,0.8,30,8,247,4
20170701,202,78,127,0.8,28,12,275,5
20170702,181,54,97,0.8,39,12,246,4
20170703,130,50,78,0.8,37,9,193,3
20170704,85,51,80,0.8,39,4,141,2
20170705,169,50,75,1.0,41,6,234,4
20170706,82,60,106,1.1,28,6,107,2
20170707,115,50,77,0.8,15,3,176,3
20170708,186,59,106,0.9,24,4,251,4
20170709,179,94,192,1.6,24,5,244,4
20170710,191,32,54,0.6,28,3,256,4
20170711,206,85,155,1.4,49,15,296,5
20170712,154,53,104,1.0,31,8,219,4
20170713,130,49,76,0.9,18,15,192,3
20170714,140,42,72,1.0,29,8,204,3
20170715,102,42,56,1.0,22,5,162,3
20170716,99,53,69,1.1,20,6,158,2
20170717,105,40,52,1.1,21,6,165,3
20170718,96,45,62,1.1,21,6,155,2
20170719,95,52,72,0.9,16,4,154,2
20170720,113,72,109,1.1,37,6,174,3
20170721,48,24,29,0.8,17,3,96,1
20170722,49,34,49,1.2,36,10,96,1
20170723,82,60,92,1.5,30,9,138,2
20170724,75,55,86,1.3,40,2,114,2
20170725,89,37,63,1.2,34,5,146,2
20170726,47,30,47,1.2,36,4,74,1
20170727,91,46,76,1.2,42,4,149,2
20170728,84,44,83,1.4,48,8,140,2
20170729,74,31,52,0.8,21,4,128,2
20170730,121,36,60,0.8,22,6,183,3
20170731,163,66,94,1.2,29,6,228,4
20170801,74,39,53,0.8,26,4,128,2
20170802,40,28,40,0.9,23,3,72,1
20170803,90,16,32,0.6,16,4,148,2
20170804,131,33,69,0.8,42,6,194,3
20170805,104,33,65,0.9,37,5,164,3
20170806,139,19,45,0.4,26,4,202,3
20170807,97,15,42,0.4,38,5,156,2
20170808,141,36,78,0.8,35,13,205,3
20170809,115,24,40,0.6,21,4,176,3
20170810,145,48,78,0.8,26,6,209,3
20170811,93,60,98,1.2,33,9,151,2
20170812,67,29,43,0.6,24,4,120,2
20170813,60,43,65,1.0,34,6,86,2
20170814,89,27,40,0.8,23,7,146,2
20170815,98,32,54,0.7,28,5,157,2
20170816,98,38,68,1.0,35,8,157,2
20170817,95,26,42,1.0,42,6,154,2
20170818,72,40,66,1.1,54,6,126,2
20170819,69,39,55,1.1,40,6,122,2
20170820,103,45,67,1.2,42,11,163,3
20170821,119,58,95,1.0,34,6,180,3
20170822,82,58,87,1.0,36,7,138,2
20170823,80,30,48,0.8,40,4,135,2
20170824,62,24,48,0.7,49,4,105,2
20170825,72,19,46,0.3,52,3,126,2
20170826,67,20,51,0.4,53,3,75,2
20170827,43,19,24,0.4,23,2,86,1
20170828,40,22,31,0.4,32,3,76,1
20170829,70,25,50,0.6,40,7,123,2
20170830,90,26,46,0.6,23,7,148,2
20170831,77,46,70,0.7,23,3,132,2
20170901,129,98,146,1.2,34,5,136,3
20170902,94,43,70,0.7,39,8,152,2
20170903,114,47,80,0.8,32,9,175,3
20170904,94,48,83,0.8,32,8,152,2
20170905,63,37,67,0.7,34,8,115,2
20170906,66,39,80,0.8,46,6,119,2
20170907,144,86,144,1.1,30,12,208,3
20170908,173,83,140,1.2,36,13,238,4
20170909,117,64,118,1.1,25,9,178,3
20170910,79,58,104,0.8,49,14,101,2
20170911,59,30,57,0.4,40,5,110,2
20170912,127,47,97,0.7,50,10,189,3
20170913,140,58,116,0.9,44,14,204,3
20170914,119,42,90,0.6,29,12,180,3
20170915,92,53,109,0.9,50,14,150,2
20170916,117,78,156,1.0,50,18,178,3
20170917,50,22,48,0.3,40,4,96,1
20170918,151,34,87,0.6,39,18,216,4
20170919,65,16,48,0.4,52,4,104,2
20170920,75,20,59,0.6,60,8,130,2
20170921,157,60,140,1.2,60,23,222,4
20170922,70,26,90,0.4,40,4,95,2
20170923,127,59,178,1.1,73,16,189,3
20170924,131,89,185,1.2,66,12,194,3
20170925,119,58,116,1.4,39,16,180,3
