,pm,lasso,xgb,svc,mlp
0,4.174387269895637,3.9727885358347397,3.7764437060288523,3.3513789348814043,3.868458787276509
1,4.418840607796598,4.318600721121958,4.434850686823511,3.994211456230107,4.490910420564774
2,3.6888794541139363,3.921200110495296,3.766936990216891,3.338789262923281,3.8932662287184514
3,4.859812404361672,4.640428556773141,4.749199385804235,4.440413394170551,4.925761141837869
4,5.488937726156687,5.080235883260448,5.244276529919103,4.570629006509556,5.311134401163322
5,5.159055299214529,5.162264394462232,5.29906270943854,4.985105152744633,5.009654888351319
6,2.4849066497880004,2.6593406060892972,2.5056371798314414,2.2141888738239732,2.0428805580829668
7,3.091042453358316,2.694183993919566,2.7268726940735624,2.4656143298364936,2.582613405491048
8,2.995732273553991,2.5090477875650934,2.5656600323953724,2.150096001184086,2.402962872122442
9,2.833213344056216,2.9092620289123046,2.793039058577931,2.6291169190288994,2.9786140365720772
10,3.8918202981106265,3.5826133303025895,3.582499470950485,3.2897672384599956,3.2416570691210005
11,3.713572066704308,3.984398004300814,4.04809001427723,3.478894751802672,3.7405766330617247
12,3.8501476017100584,3.771338349247804,4.002630204615083,3.4582652082042054,3.7153190502668836
13,4.634728988229636,4.4945909352395965,4.397014142532049,4.09520906509978,4.244922683420276
14,4.0943445622221,4.0608484752600935,3.9228494263107256,3.3705386067723015,3.920622621820283
15,3.4011973816621555,2.875971043891587,2.7194530650228677,2.2822839562461934,2.6594348478992167
16,3.828641396489095,3.875476757590392,3.9268066800538883,3.3702833360839484,3.7361369076212254
17,3.4339872044851463,3.211649827381971,2.99328950742504,2.8357184087585665,3.0333432625967767
18,4.127134385045092,3.739337319124388,3.9051304094858827,3.467499784564873,3.4408623347218086
19,4.912654885736053,4.82199436297,4.86221508145843,4.454327572094528,4.737580693618648
20,4.844187086458591,4.872463210489029,4.845925796866013,4.333787865781272,4.786827073302939
21,5.393627546352362,4.998970085444933,5.267163249499493,4.760046194942199,5.218092916252461
22,5.135798437050262,5.393598695525824,5.271378074270704,5.230981160055825,5.1281598120557295
23,2.3978952727983707,2.833632127081688,2.65110632974787,2.5200934466301574,2.6993549181401213
24,2.833213344056216,2.8527687277139635,2.896885918731232,2.897919423644915,2.4227958823993223
25,2.4849066497880004,3.0498422852626677,2.6067457259458773,3.0311497513645667,2.889060884992661
26,4.07753744390572,3.6899097533005127,3.5934989765049163,3.2801998018934055,3.256678635023564
27,3.784189633918261,3.9379132623927697,4.000804880912036,3.5114610322793087,3.6017095598779303
28,3.9318256327243257,3.597270060494671,3.6225419321179646,3.4809412063576706,3.44489393673724
29,3.828641396489095,3.482460751824223,3.7309646580175215,3.1345481927922223,3.4337232716384447
30,4.718498871295094,4.142127248632449,4.348824046366914,4.238580562874616,4.359434920090839
31,3.871201010907891,3.85202929789168,3.947389103537069,3.7335173457402098,3.8786971945529882
32,4.74493212836325,4.145383747996791,4.333564752376083,4.18867689631304,3.972935875878014
33,4.5217885770490405,4.528483822184469,4.562107568470994,4.57473270645345,4.791872267663647
34,4.9344739331306915,4.617685498089904,4.839649693535214,4.8621524214419996,4.836670168874508
35,4.718498871295094,4.5708222279664525,4.531477014267383,4.292987855512352,4.47596888763753
36,2.772588722239781,3.049373177382403,2.9154731935076783,2.830033731239975,2.9664235918858024
37,3.332204510175204,2.988721062498387,3.090280784467045,3.15988391713879,2.921776621285174
38,4.1588830833596715,3.9042853914215723,3.9186217454678047,3.7458209984652076,3.438605289754287
39,4.672828834461906,4.528151683775912,4.469386066052901,4.318997793330487,4.358462445682067
40,3.332204510175204,3.1566621882707944,2.820984805037485,3.042645511356347,2.791073184703481
41,4.418840607796598,4.303263603266016,4.448392870280751,4.32804174339129,4.4828433968251655
42,4.418840607796598,4.658410636115058,4.554422846569606,4.428010851462821,4.46505303757464
43,4.564348191467836,4.579691470708392,4.512863608526408,4.616597721075327,4.273134052264277
44,5.111987788356544,5.360656965526559,5.3432259458835505,5.430585022922286,5.111102050711326
45,4.31748811353631,3.9597926943263317,3.9719388656774677,3.8207797447077265,4.167382068998199
46,4.7535901911063645,4.843716226388956,4.882311787286384,4.832349065493027,5.048235487554925
47,2.1972245773362196,2.901444629081899,2.683649065193422,2.8012541765374963,2.761264992388868
48,2.9444389791664403,2.8183011715859525,2.981998178140958,3.22966313509359,2.8305292758036464
49,4.7535901911063645,4.412679611939248,4.374309556545465,4.832869904740934,4.184090072069175
50,5.402677381872279,5.20008877815278,5.230794905699681,5.039164757312018,5.275685008119542
51,5.003946305945459,4.98861106912002,4.838460449126724,4.956651952967869,4.835004259951499
52,3.2188758248682006,3.036127848363141,2.781079258262935,3.0505448112004867,2.959521376273779
53,3.9889840465642745,3.6856937854141947,3.9594657103777022,3.6823901406809254,3.724624070273495
54,4.499809670330265,4.7562896067387035,4.539114482610335,4.760113640829965,4.322780749718948
55,3.713572066704308,3.591717185399064,3.6648485226078327,3.5374953632316224,3.3567967704248676
56,4.77912349311153,4.9003403586096095,4.797940730395064,5.064093283050731,4.667891241664744
57,4.290459441148391,3.902630115687647,4.025544178180978,3.589104898269399,3.5464226742037717
58,4.969813299576001,4.632443019161946,4.787891379611759,4.5667849540416965,4.9158495475576895
59,4.912654885736053,4.823820309397374,4.787123683927137,4.5051351869933365,4.159006699284573
60,4.204692619390966,4.165600811800979,4.030344497436371,3.5259199753413433,3.6858625175460853
61,1.791759469228055,2.8992202720632925,3.076095599145023,2.919925499528585,3.301820449160025
62,3.332204510175204,2.6902478466242763,3.0293659880797152,3.5747194428343234,2.44404384266412
63,4.48863636973214,4.416970872107118,4.489323122265576,4.926055806121397,3.8461331411448376
64,4.795790545596741,5.104382414770507,4.761737855696299,5.055941425255935,4.432237449737357
65,4.634728988229636,4.717626894264544,4.553705657265614,4.738107737661926,4.603763477927545
66,4.219507705176107,4.1161220023619105,3.959672906184009,3.5966932030253407,3.621013366030584
67,2.302585092994046,2.924047913695997,2.78545859202325,2.762587819818705,2.9360128924688964
68,3.2188758248682006,2.8820783981494156,2.7504827753837087,2.8769722089150744,2.737309260004518
69,4.59511985013459,4.519034680998478,4.478492779643427,4.712228174792557,4.313445887749312
70,4.718498871295094,4.575808383230145,4.553112053545022,4.590410630820383,4.771198105559852
71,5.241747015059643,5.1401170444980275,5.189963857742479,5.2921134021842375,5.268876460372983
72,5.583496308781699,5.592005543477681,5.591602835973453,5.723435667013092,5.432123710242418
73,5.976350909297934,5.7667187826296695,5.598873178255701,5.605613249883128,5.875283336567575
74,5.6937321388027,5.613778680888755,5.652706634522609,5.804831933162275,5.192032646809237
75,4.663439094112067,4.618017522561142,4.549123743795065,4.81147325276071,4.87444776787567
76,4.276666119016055,4.347118785813076,4.0109138309385886,4.287649500356473,3.8342329081612756
77,4.174387269895637,4.186253708748823,4.0423822674409555,4.129891518611552,3.9087795597448007
78,5.10594547390058,4.995803743057847,5.055847150775461,5.257700748441724,5.388215771096688
79,5.560681631015528,5.4723533586233,5.476364141406472,5.607771427550761,5.560178586909183
80,5.575949103146316,5.817911200476557,5.601825200928239,5.450001702607833,5.636919021318837
81,5.356586274672012,5.451590475243604,5.213346004923226,5.057345518543997,4.957489048398236
82,5.564520407322694,5.675782985022405,5.564738215968664,5.3211326266109005,5.263408155640128
83,5.872117789475416,5.761329747185861,5.589470428404103,5.196242416831417,5.506488694190491
84,5.75890177387728,5.767875207210658,5.698233558868264,5.234167223551782,5.670256060730066
85,4.3694478524670215,4.291633024154682,4.251665565263619,4.36187694341678,4.258704525370493
86,3.6635616461296463,4.230076919459506,4.085510233874352,4.26675804921864,4.012931109205834
87,4.912654885736053,4.611298267081941,4.728132723745413,4.686722164919573,4.226915163288934
88,5.389071729816501,4.999245765152688,5.200388427227121,5.381642244358003,5.644189257637918
89,4.060443010546419,4.12173463663851,3.917628299090872,4.273358612222709,3.82015659988928
90,3.044522437723423,2.8176422593006065,2.8068017828434018,3.1662161197904433,2.582406717351865
91,2.833213344056216,2.868997556025452,3.2110292640353095,3.147449023470932,2.7741905856480242
92,3.8918202981106265,3.8302145233383964,3.6905667962307027,3.8972022151604584,3.448868870488277
93,4.882801922586371,4.727858340084831,4.812727941525137,4.941723489051442,4.69800280519311
94,4.553876891600541,4.425458615242922,4.489970195216595,4.299559340754647,4.417345529615298
95,4.406719247264253,4.6361948939449364,4.574368462286564,4.922944367616639,4.898831075975844
96,5.049856007249537,5.253320272730658,5.177544636714285,5.585080681742982,5.138012273801053
97,2.4849066497880004,3.141572766047304,2.8476853105717006,3.446966370132947,2.930171303051982
98,3.044522437723423,3.708309096825106,3.598126915222775,3.6648768670284406,3.9021519810262397
99,3.091042453358316,3.862424870267907,3.9381320442673,3.6736461010984724,3.696605575292563
100,4.553876891600541,4.375514298484568,4.30239296166871,4.480712954047389,4.080128738117146
101,4.736198448394496,4.52999473074298,4.413332947824714,4.684116270286127,4.49765542086212
102,4.430816798843313,4.646065716766217,4.378698309887664,4.6903478419098,4.602701366448273
103,3.6375861597263857,3.583954079844468,3.3509690920584934,3.6133718831420443,3.2377401269785624
104,3.8501476017100584,3.9505623895906306,3.8876588472677875,3.9035364984467975,4.062755155802812
105,2.3978952727983707,3.246208023606089,3.2049400602726257,3.0966071836572984,3.2314109365483175
106,3.258096538021482,3.687799501697255,3.495568705351628,3.5954880206606314,3.666222788034889
107,3.871201010907891,3.7234967556621377,3.830015401691124,3.9166685458354773,3.553116896517114
108,4.90527477843843,4.56559089057539,4.6512308273834515,4.723331878627723,4.992989346493986
109,5.3981627015177525,5.068764111980839,5.153043718708214,5.233041588626912,5.021463706124742
110,5.303304908059076,5.223005497632777,5.2279724702114505,5.199434899445145,5.44510990048216
111,5.598421958998375,5.279858063101046,5.4981388759256165,5.576271725333967,5.690784433265691
112,5.521460917862246,5.038321142878767,5.240575277333244,5.386948307595813,5.27134907549436
113,4.859812404361672,4.898204380617616,4.85557129788134,4.999346956723031,5.146217284241573
114,3.6888794541139363,3.5028868946425025,3.477161206571448,3.649002000184102,3.8432904376850625
115,3.4657359027997265,3.487616001213055,3.675975548908522,3.7777030360764745,3.7300002546577162
116,4.897839799950911,4.499435816013481,4.556390306189603,4.6068424170723175,5.130972334671453
117,4.653960350157523,4.466416228296142,4.504177609249526,4.191562046832086,4.40798921947388
118,4.605170185988092,4.542811305440226,4.487694767883792,4.3512955629392325,4.482057033966276
119,3.1780538303479458,3.6927249943568192,3.7844648611265588,3.7484994338404816,3.574317131740777
120,3.4965075614664802,3.7551564269959,3.6883475438759366,3.6125488975456883,3.7218206732261434
121,3.1354942159291497,3.729452030046396,3.638205956305232,3.421299430996744,3.6420186639756755
122,3.9889840465642745,3.792689437190436,3.7747337762340343,3.875281247503171,3.692144587257597
123,4.584967478670572,4.63045997870422,4.373290503591819,4.8273514219673945,4.520058952735057
124,5.1647859739235145,5.212342930587743,5.084989527312882,5.446553138622871,5.215106640631195
125,4.804021044733257,4.972294097151397,4.823976525357802,5.026862742774234,5.096429210679951
126,4.477336814478207,5.0236654498552875,4.796011458370887,5.378597421003729,4.833053726712206
127,4.110873864173311,3.932506515833293,3.7777979256902614,3.7952537669849855,3.6617238634601104
128,4.61512051684126,4.722238306931192,4.540327582163733,4.477952095643525,4.601521798354014
129,5.062595033026967,5.264094144566205,5.142587669223832,5.463562530009523,5.128115776639339
130,5.438079308923196,5.168475918519848,5.10899636458745,5.539504897400322,5.117757270290618
131,4.5217885770490405,4.741143215809133,4.550453632344796,4.583026274771549,4.884522894057733
132,3.9512437185814275,4.081878046425698,4.001024696012055,4.2335809605195855,4.022812456645253
133,4.5217885770490405,4.504316800545872,4.493935619958505,4.268060868259253,4.515910201251932
134,4.9344739331306915,4.795311447953345,4.8332762571228125,4.822980639351055,5.257459227205386
135,4.127134385045092,3.9976703974399,3.943141209746511,3.9805275860429674,3.899908209530428
136,4.110873864173311,4.020722974456987,4.04763458084133,4.0902588511955456,3.9149595349809267
137,3.8918202981106265,3.818419150071275,3.9013104655273136,3.843222333256864,3.8755106449112255
138,4.07753744390572,3.8554311035965516,3.8649165388582833,3.954227889043012,3.629388588701846
139,4.762173934797756,4.744112712948973,4.678156406035444,5.037483136083095,4.901687356773001
140,4.7535901911063645,4.737887435701045,4.719002693112192,4.903149392145336,4.917919993135262
141,4.867534450455582,4.907474561356716,4.8306312402463565,5.032747502000909,5.179103782392903
142,3.6375861597263857,3.828907276728967,3.764420296237432,3.8165980543747144,3.976141382278684
143,3.9512437185814275,3.9034325638229403,3.758087184414052,3.893007797174233,3.6530076091229775
144,4.127134385045092,3.8323072705534718,3.894979244434209,3.940020365872495,3.687737237658858
145,4.499809670330265,4.735579007040129,4.501804799910098,4.499493303709683,4.507939538985758
146,4.6443908991413725,4.622733071299791,4.493976634211135,4.631974832276214,4.342908235606507
147,4.804021044733257,4.813222502481237,4.832684542495215,4.965096106435563,4.722353451889246
148,3.1780538303479458,2.988622028057125,2.997593923854063,2.9219349616349914,3.2725243812861087
149,3.6635616461296463,3.397214087754435,3.362116551302945,3.210970731556909,2.732155781702354
150,3.295836866004329,3.6815970707700982,3.540082443886653,3.1954316449517703,3.282311894822005
151,3.1780538303479458,3.5362412193032466,3.4541149354241676,3.4687741464736415,3.42791101542164
152,4.31748811353631,3.752475561509187,3.8790457616819487,3.6742687667321103,3.8023572818581335
153,4.1588830833596715,3.9749778795694413,3.742858381322061,3.566715176884166,3.8747822772805174
154,4.31748811353631,3.4548966458201793,3.462362557031499,3.0292712071119476,3.385442399774224
155,4.127134385045092,3.80557115532077,3.9822907800264824,3.415831852912264,3.8758471008869684
156,3.9318256327243257,3.93426776174433,4.014764761569381,3.8514326723628605,3.5695726504148473
157,3.2188758248682006,3.370343403655342,3.467682601798083,3.300716280964302,3.5660079043536723
158,3.5553480614894135,3.771597708519218,3.4951226770273376,3.3538214957481696,3.5188551367446714
159,3.970291913552122,3.688845164754973,3.4985244258560706,3.493785673924031,3.345011675672671
160,2.8903717578961645,3.649073020347081,3.4955115452174965,3.3412302118153416,3.4560326760638094
161,4.0943445622221,3.9556411881333102,4.02024557901974,3.7122185288044873,4.106553966053331
162,3.828641396489095,3.642496956580535,3.449756154646014,3.428717689193752,3.3252666744714885
163,4.04305126783455,4.119104139818855,3.9107575566479715,3.9118464849049035,4.461256112946458
164,4.356708826689592,4.519683191652622,4.673267392815302,4.166857833060396,4.735497276010867
165,4.672828834461906,4.271626769159631,4.129280063626915,3.904587551187117,4.389805140596831
166,4.382026634673881,4.159858563600558,4.111645698480738,3.827997890030647,4.448203398441519
167,4.68213122712422,4.256859143298889,4.326888070092361,4.223181218785055,4.485253368514163
168,4.919980925828125,4.434647080972841,4.574484823970752,4.333697652922228,4.789370548216533
169,4.406719247264253,4.2883408448588405,4.014461041910136,3.609501190113639,4.256152376932453
170,4.343805421853684,4.29242872022551,4.000450590019032,3.7628077116090495,4.3804043809103845
171,4.189654742026425,3.8335541837965783,3.7696848103502383,3.570043762057608,4.271590157082192
172,3.1354942159291497,3.2381523136334387,3.092119958107382,3.3627336914253925,2.870032633835333
173,3.58351893845611,3.464370466327048,3.236711501104131,3.364631501929479,3.1432158146769824
174,3.4339872044851463,3.6821741360277356,3.4680531478962644,3.5368594085333864,3.650883495019027
175,3.7612001156935624,4.079147517032635,3.8299410316521114,3.857770144382418,3.5749130625889087
176,4.442651256490317,4.5068483705139455,4.468692737855402,4.218808835123221,4.525138555485672
177,4.74493212836325,4.601862619899707,4.495730401263321,4.432534533921399,4.492887137345458
178,3.8066624897703196,4.551230993154206,4.634872899364943,4.431916502557995,4.7014420203308305
179,3.295836866004329,3.379625221231526,3.427822580297593,3.3235306092842642,3.3363153732616357
180,3.5263605246161616,4.253546852154396,4.333973889469837,3.937443608955087,4.5182968864367234
181,3.9889840465642745,4.092225283010313,4.145226503145379,3.637441923259191,3.9421015964727255
182,4.07753744390572,4.263351604583072,4.224241740929894,3.807566732580151,4.305883002687942
183,3.912023005428146,3.6666881012309007,3.6253945565937062,3.4229495124325746,3.471397035347995
184,2.302585092994046,2.6983705349577134,2.7244639298087483,2.7708435456781473,2.655744531145539
185,3.332204510175204,3.2405811596931167,3.0085475831239545,3.1112430779212934,2.974918972544396
186,3.332204510175204,3.3356083101597576,3.197778443418696,3.224315560340661,3.094349447457419
187,4.219507705176107,3.358585597325998,3.2964570564499285,3.1590869728655537,2.959555706790466
188,3.713572066704308,3.5862628416272,3.327502279916632,3.7256194049193048,3.453257391800829
189,3.2188758248682006,3.7144053168412814,3.5688731273959773,3.5841274948015256,3.639863984696805
190,3.8918202981106265,4.004834413774959,3.8288793721087453,3.8934905139869995,3.929162340426377
191,3.6635616461296463,4.494053674747711,4.150968054846087,4.365488594867824,4.18534383563795
192,4.624972813284271,4.653335743915257,4.553349521248421,4.709828066269261,4.876449087023291
193,4.844187086458591,4.515106039204391,4.552796387347465,4.558446826856614,4.8697315303978925
194,4.48863636973214,4.336761988899914,4.200949725348091,4.300346770302523,4.4125266905148
195,4.127134385045092,4.286670788264707,4.426280021604577,4.43625862244757,4.319432787929767
196,4.804021044733257,4.428762161737571,4.559919389897319,4.460301230229458,4.6087853214176056
197,3.8066624897703196,3.6325889273991363,3.3682777638187975,3.792737820664905,3.8907591275033577
198,4.189654742026425,3.6639964108444647,3.6984503583470367,3.7286006850515747,3.2794207951373266
199,3.4011973816621555,3.6930736786664173,3.637246895286383,3.6432558036964457,3.4029970445966455
200,3.1780538303479458,4.210831686564918,4.181262548942656,4.176341314727686,3.819319796689
201,3.912023005428146,4.585888274974498,4.433729162330676,4.534663888949371,4.918906703089411
202,4.634728988229636,4.241926497562935,4.184245114032315,4.32033583542717,4.227411701795088
203,4.852030263919617,4.708688878974083,4.747202379194704,4.686981649529628,5.3003700454788625
204,2.995732273553991,3.5489866629115214,3.0392820506379237,3.465072063342044,3.2523919682310494
205,2.995732273553991,3.320998669032968,3.141609430109564,3.2036511196998037,3.1627449673344366
206,3.7612001156935624,4.326372245960573,4.060490101217674,4.129669666724437,4.620763301401244
207,4.30406509320417,4.427673678479069,4.558086431741464,4.34534683218085,4.858200762928835
208,4.499809670330265,4.234348598452418,4.096825612728691,4.041926902228203,4.091622640242959
209,4.02535169073515,3.7953889197794846,3.727653546228012,3.531004402300209,4.052758927388996
210,5.25227342804663,4.7041541570403265,4.609117007392832,4.741304381608786,4.519001600942104
211,5.241747015059643,5.043521641906772,4.916856797924538,4.822566288800117,5.290667070207411
212,4.8283137373023015,4.5000594763584045,4.606753328518683,4.268363899937414,4.845252259209123
213,5.313205979041787,4.838026427271982,4.8115281983015485,4.8277310830002484,4.808484596325235
214,5.111987788356544,5.056156044661234,4.8214664343644555,5.169257717618514,5.2364992688813965
215,4.672828834461906,4.5077014164686355,4.23202228340597,4.607369690357222,4.604894254642618
216,3.258096538021482,3.7023461011427092,3.155160695119631,3.4123523053655136,3.4130315843153896
217,3.332204510175204,4.117419870846341,3.8983542677860883,4.028971057068967,4.0800136694955595
218,3.367295829986474,3.4511147820015755,3.2611064947080757,3.2799850450823183,2.9850994924077514
219,2.5649493574615367,3.3131069125127297,3.113325319239595,3.098198051272739,2.8430148529110246
220,2.833213344056216,3.158733842771603,3.042007936647136,2.994758980722691,3.0167002903643585
221,3.295836866004329,4.009750467620783,3.8769454674781696,4.123017841660565,3.7768866351180455
222,3.9318256327243257,4.011767238580655,3.9230026990288103,3.945880895160375,4.343941692403492
223,4.465908118654584,4.388445654997727,4.055609703109217,4.80079885458347,3.971438201230858
224,4.890349128221754,4.493606497272627,4.493130683975525,4.774751237568352,4.836948952532584
225,4.962844630259906,4.677984471279142,4.75895358471798,4.840287988819858,5.185302237550295
226,4.418840607796598,4.467505460315535,4.296432003204511,4.363847419070663,4.642243850623766
227,4.219507705176107,4.425055141437556,4.313238169196279,4.40168661138257,4.449689868500554
228,3.295836866004329,3.670027870420893,3.6151714169995723,3.5332957616950624,3.5245042732747973
229,2.5649493574615367,2.692252244628523,3.24557522348766,2.507598982159652,3.2071950379524665
230,3.295836866004329,3.345519314286379,3.1144962224075514,3.603510520467358,3.3058096723596617
231,4.127134385045092,3.7344744300711943,3.5807931224022713,3.700714822793624,3.8140252761523112
232,4.174387269895637,4.402963485740596,4.017167097521598,4.362082632088289,4.440058881958773
233,4.553876891600541,4.613872103867774,4.561345096218494,4.8658769230756125,4.469117290590539
234,4.68213122712422,4.578394827553694,4.4995460823984885,4.897739854244709,4.628351608171453
235,4.812184355372417,4.592823414830681,4.512396360585216,4.705571204642511,4.676208759862988
236,4.836281906951478,4.60464273689977,4.528616410540845,4.785547575539564,4.78491591304372
237,4.795790545596741,4.4129463921568925,4.4693761035747395,4.7103333329030095,4.633714496193962
238,5.278114659230517,4.772522400308963,4.726413279623676,5.026643463457783,5.187938980221164
239,5.017279836814924,4.617801314219619,4.6932921165356225,4.8422209956092415,5.276850980979671
240,4.8283137373023015,4.47147192850107,4.628253003887451,4.570979637449177,5.216930107620484
241,4.718498871295094,4.294796672538977,4.234793687937055,4.317347334037991,4.363486063694368
242,3.4657359027997265,2.630659004742651,2.9252793853560424,2.851930342783057,3.0415830952571032
243,3.2188758248682006,3.2666210853872526,3.156816974200914,3.372964798290641,2.8436748492547466
244,3.4657359027997265,3.356462935204153,3.2706606518761805,3.294982878353081,3.125318003358292
245,4.143134726391533,4.271892511447324,4.158639926453389,4.452928294118907,4.509293204473653
246,4.174387269895637,3.9543966368973087,4.040328488376276,3.76617965818072,4.30365535949567
247,4.394449154672439,4.136400370562678,4.087064735932532,4.07524113746036,4.240914986221183
248,3.4965075614664802,4.225967436775623,4.220774167744764,4.225085454246725,4.236796374452787
249,3.2188758248682006,3.2443646162053796,3.1277026903030083,3.3171459334335247,3.0028964858727956
250,3.258096538021482,3.8885232483303214,3.777487254670655,3.8286041972799225,4.067884296067615
251,3.295836866004329,3.383976552879367,3.3084833797526474,3.3197617449450805,3.420234344710588
252,3.4011973816621555,3.911986949611135,4.015339380029839,4.234158373494785,3.833206707648403
253,3.58351893845611,4.121089531304918,4.218782874463271,4.149217360965959,4.073111364126179
254,4.02535169073515,4.357258384568547,4.205700899057667,4.677190632004203,4.58058950008056
255,3.9889840465642745,4.156469932134623,4.042373159574551,4.125529128150654,4.493485556195549
256,4.060443010546419,4.266768273320097,4.2135290676177775,4.402907399171823,4.1049227535008
257,4.442651256490317,4.393789735743025,4.264661769285441,4.252870158057683,4.297929571955628
258,4.653960350157523,4.617411802567437,4.628015971696377,4.7301005120662305,4.875310137020476
259,4.844187086458591,4.629098955635762,4.5839824904304995,4.733229154663843,4.747269282676076
260,3.9512437185814275,4.336335064246961,4.346022620444631,4.446943509755995,4.434721642686489
261,4.68213122712422,4.414767834047947,4.493872603099258,4.510744031488551,4.575608323769963
262,2.8903717578961645,3.6501304981241587,3.5671717840719026,3.9502469983579767,3.899406857354074
263,2.833213344056216,3.04496666554593,3.1633174504367343,2.877429638175168,3.2646800191794156
264,3.1780538303479458,3.303926004953654,3.2704825695757505,3.3282427476254637,3.1190093555827607
265,3.871201010907891,4.0125784636068405,3.895121097090665,3.8281207943408395,3.8745862597615464
266,4.356708826689592,4.141613052318514,4.176018746119242,4.217646322515241,4.20443857636585
267,4.31748811353631,3.7175060694319093,3.7889163859058437,4.003741084907215,3.653375992194227
268,4.867534450455582,4.637841213746813,4.70783951498484,4.853136253927022,4.469059657487936
269,4.174387269895637,3.9540550498218727,3.968424568258474,4.134117998958136,3.859554108901807
270,4.564348191467836,4.223239505004178,4.224170718139142,4.246778506831796,4.061560137434697
271,3.044522437723423,3.14142034593616,3.117192773660649,3.2861932183492963,2.6715327989151523
272,2.772588722239781,3.5967747935764596,3.5279919956698853,3.6510869217028477,3.610000838019987
273,3.713572066704308,3.4680386433863895,3.233384097978712,3.6056935016237626,3.664307761617989
274,4.465908118654584,4.265641890451246,4.047197334802045,4.482371555509777,4.254823006033835
275,4.9344739331306915,4.835941250208523,4.7964114863725085,5.362162053605605,4.688318916539615
276,5.017279836814924,4.697783823058068,4.828959951800573,4.8402566167846315,4.372675721042103
277,2.70805020110221,3.8694952919372385,3.812577241193141,3.938945756015542,3.833625631687151
278,3.6109179126442243,3.808606944178233,3.5552174813263604,3.996984248086645,4.01116913389527
279,4.1588830833596715,4.317627342410994,4.118162140925173,4.408959945968756,4.467480068944504
280,4.418840607796598,4.462193487648572,4.285006514827395,4.8486351440561375,4.551678330327054
281,4.30406509320417,4.041993991500214,3.9884033375756482,4.334187926963087,4.0056107089089235
282,4.219507705176107,3.7765503564413323,3.877279261292052,3.9520546621074075,3.887496551214573
283,3.7612001156935624,3.7710892813039067,3.9258563256903405,4.006634836907952,4.05649629076162
284,2.9444389791664403,2.8690350098604482,2.8225422143969747,2.973683669760996,2.64486787177788
285,3.6635616461296463,3.4669800020468147,3.6976582891274274,3.437698823320555,3.478557878430068
286,3.9512437185814275,3.8093093094576838,3.9901747944551613,3.976939178100786,3.9943183816348196
287,4.143134726391533,3.9834353993559932,3.9383425926529774,4.228225426868256,4.0760429017479
288,4.442651256490317,4.538805149668425,4.482868662263401,4.764449906779604,4.469830937929684
289,4.795790545596741,4.832724649267862,4.77566673100747,4.918458589460444,4.828131756101219
290,4.61512051684126,4.542601379550559,4.417836148712456,4.836273803225134,4.499196119783966
291,4.553876891600541,4.566610888661684,4.4892186915637975,4.6301803444785365,4.811854582845273
292,3.8918202981106265,4.069445116584113,4.028058027110231,4.160396469209507,4.048451541883053
293,3.5553480614894135,3.011823478486974,2.9740155039017013,2.9554531303056195,2.603616400230246
294,4.68213122712422,4.373036889097264,4.009078030512403,4.522643395820995,3.9669887032088025
295,4.8283137373023015,4.879837201089928,4.829062480361744,4.903783390748498,4.638730003642996
296,3.4339872044851463,3.070958334985718,3.067168510232353,3.069258233171562,2.9014652178795783
297,4.04305126783455,3.720754789072066,3.750747880726385,3.771993280956687,3.424171409283936
298,3.9512437185814275,3.9320768054326534,4.0122099132239155,3.896986079966517,3.759543124638096
299,3.2188758248682006,3.633746709198231,3.7189390599408383,3.708489122603521,3.4062872779647115
300,4.204692619390966,3.717152167003369,3.9523951673435715,3.653089755042023,3.577551324701956
301,4.02535169073515,3.9308131114176117,3.9095957456087382,3.9972351401885358,4.129197978846568
302,4.499809670330265,4.41105415650679,4.161699248404772,4.427205398469411,3.979924163731705
303,4.330733340286331,3.9471888510524957,3.9642093068804782,3.9846099941737885,3.9041952951954135
304,3.4339872044851463,3.141026024595836,2.9022884749843305,3.292409082651586,3.427990438882176
305,3.258096538021482,2.82247049492262,2.6465973954722153,2.9286869902014607,2.5654663877855874
306,4.948759890378168,4.596539122435828,4.51730014744098,4.704977934378446,4.482365029042803
307,5.560681631015528,5.534716045094882,5.341075449506123,5.746565000150456,5.580000258455552
308,5.805134968916488,5.564047083425513,5.579060057593444,5.560728058640569,5.56486483463183
309,5.707110264748875,5.724660222361873,5.6588434819985585,5.7486824090945925,5.516528504486903
310,5.25227342804663,5.263629926743537,5.245008926984773,5.211075022721055,5.203905278959134
311,1.9459101490553132,3.1315933338582504,2.706729189383255,2.93422596304808,2.8756122294214403
312,2.6390573296152584,2.474131044751748,2.649265494286854,2.2596955883364434,2.6823168432128357
313,3.784189633918261,3.6392435786088817,3.5175192537676376,3.8552677395166266,3.897436242776529
314,3.784189633918261,3.7846176394901603,3.953986389331266,3.96837562099185,3.8572356804157244
315,3.5553480614894135,3.4820330729772553,3.574352510899385,3.532196069643762,3.513710579373597
316,4.553876891600541,4.301596904892992,4.348117322032268,4.376010505640778,4.6619511039009875
317,5.030437921392435,5.072476828864749,5.218301285106933,5.288497489043719,5.070614532093972
318,5.497168225293202,5.051570513999401,5.238592112822891,5.38864659795849,5.093422001012149
319,5.293304824724492,5.236096216529456,5.31175278304358,5.244957031967954,4.991798774227611
320,3.5553480614894135,4.009652845303298,3.899012557430541,3.888060244443918,3.6647740621901215
321,4.276666119016055,3.965037163143712,3.907213177922401,3.883028057551659,3.59737548964312
322,4.77912349311153,5.013690393509243,4.831028919925856,4.930921903169646,4.313006434415325
323,5.384495062789089,5.113975278818785,5.249153135689764,5.110786518124771,5.090233810173087
324,5.676753802268282,5.346245588063824,5.553614197408739,5.390353400367524,5.632626657547701
325,4.0943445622221,3.890881166583634,3.8664686663044647,3.6489173831905974,3.517759266140798
326,3.258096538021482,3.3844105899863663,3.4686164955037615,3.678393876698341,3.4473504073181065
327,4.110873864173311,3.7457146056814468,3.87821936829125,3.8773493443342777,3.745727911044322
328,4.663439094112067,4.555212869678147,4.5116948696433194,4.662573791062095,4.309242133623483
329,5.049856007249537,5.204407121456638,5.168209063539622,5.098078889009366,4.9994784344080365
330,5.030437921392435,5.2481430374162406,5.257216939841607,5.269981652711968,5.193001376129475
331,4.060443010546419,3.956972982138502,3.909863005239065,3.8803278924783102,3.7957618797102137
332,2.0794415416798357,2.6212824102583103,2.742466714495568,2.6949135265498634,2.3240055355214095
333,3.2188758248682006,3.2360121035542426,3.2822296578760044,3.4197764910169406,3.083804782620245
334,4.553876891600541,4.185351085618847,4.316707576248926,4.46661767164032,4.398342464283946
335,4.343805421853684,4.501496331424548,4.543153790859897,4.818801286051061,4.449538139338317
336,2.302585092994046,2.9808138018824817,2.8841138101640995,3.3277854627272747,2.557795432957513
337,3.7612001156935624,3.3634045301715423,3.47833270630855,3.8662829143447426,3.8129425513674398
338,4.219507705176107,3.9031914077357204,3.9742858325622104,4.282514191116106,3.8403930221434353
339,4.07753744390572,3.931909629077744,4.014578795007643,4.167298219106392,4.00090956517135
340,4.23410650459726,3.8599032624907355,3.8101606298169894,4.2261147998381405,3.714572946299894
341,3.5553480614894135,3.872861312269907,3.9373054753399335,4.066908770887926,3.9213145837224643
342,1.791759469228055,2.495042660128745,2.5499162495687133,2.7194837463704147,2.3840791813559843
343,3.1354942159291497,2.341534918473744,2.4631156769556743,2.627213197762382,2.174628111247802
344,3.5263605246161616,3.7488123338780244,3.823435319021823,4.020910748161291,3.8788715586358165
345,4.543294782270004,4.417333234196142,4.528811429262602,4.929695329343904,4.630211542012443
346,4.330733340286331,4.035754147820467,4.033702857568563,4.366139269186094,3.7889072924347813
347,3.1354942159291497,2.954257213681566,2.905970779177962,3.2472037288247577,2.9020599548723562
348,4.02535169073515,3.7057991504539265,3.8595917218253493,4.051645703176472,3.690186689543306
349,5.389071729816501,5.098634500437647,5.107533438417522,5.65255739820796,5.307426882655833
350,5.680172609017068,5.600838825979057,5.62974213968819,6.038278588435111,5.517605845099222
351,5.236441962829949,5.4021679839877565,5.304596439966101,5.71246167247431,4.953107569893372
352,3.4657359027997265,3.971929809259202,4.063463236916723,4.2715355971805264,3.8709687350069855
353,4.77912349311153,4.740689014524955,4.742956619821733,5.300197625913314,5.00011447765336
354,4.330733340286331,3.970594112079408,4.026074382781762,4.151971495801143,4.157532616392199
355,4.919980925828125,4.703144772529862,4.805233945426387,5.153480908861441,4.670928902469582
356,5.4510384535657,5.073879306047402,5.308401618299777,5.528329185131131,5.076404127903223
357,4.30406509320417,4.105384559127477,4.110251875123924,4.230737650571761,3.7871178925417133
358,4.382026634673881,4.336868950391686,4.408555964423954,4.764783860713187,4.698194500204176
359,5.384495062789089,5.130574405109405,5.156552270976616,5.573651134702007,5.263566546775294
360,4.499809670330265,4.744116202995997,4.662771731306075,4.894137993396977,4.329970474287001
361,2.3978952727983707,3.6396264283684463,3.499782140243574,3.958838973793383,3.6889223866507908
362,2.5649493574615367,2.5718627440614217,2.7364995210307748,2.3505394899659926,2.005172341978442
363,2.1972245773362196,3.601607329018326,3.5777897307967694,3.9747328111549787,3.5228792813885645
364,2.0794415416798357,2.5862043089068356,2.821644585644352,2.6392061491568497,2.493344689053793
365,3.258096538021482,2.6353166571161455,2.8622385912256805,2.8674430845468413,2.6770262089654118
366,4.07753744390572,3.8408077098330966,3.8999286014163435,3.8686696267278635,3.7966162240489245
367,3.912023005428146,4.016561358927088,3.9050729452592687,4.191766398128227,3.8307416537623005
368,4.02535169073515,3.680856897613243,3.8271234051907723,3.829503447961322,3.659273864769263
369,5.384495062789089,5.073651860434462,5.081125782202177,5.489815430105645,5.459494339171533
370,4.852030263919617,5.097943440966856,4.96441174911153,5.326222512490732,4.819493765703394
371,3.044522437723423,3.136363188296174,2.449574501053197,3.1364706324268172,2.721288527733783
372,2.4849066497880004,2.947345212889317,3.0653195652010616,3.1865893791027826,2.87120283726302
373,3.7612001156935624,3.5197316852723035,3.606530472828857,3.6156999863900183,3.629847696819794
374,4.418840607796598,4.450898609731667,4.536762208986203,4.809001348450024,4.665592165541522
375,4.174387269895637,4.033262024696324,3.9639468421015054,4.333571846764531,3.83170549945751
376,2.0794415416798357,2.8531749186239366,2.548663836300342,3.116228226470234,2.6652552134443286
377,4.219507705176107,3.353122623846458,3.538786900858985,3.5569589684973524,3.7063952615044515
378,4.969813299576001,4.820109105612782,4.780322064068567,5.0688786700049455,4.835588716534845
379,3.4657359027997265,4.058025012767635,4.043222446088076,4.155473313427364,4.346868822063071
380,2.302585092994046,2.714067412950974,2.776269916114692,2.9797770357410496,2.4940605070628608
381,2.772588722239781,2.7183890408624682,3.0055484578124925,2.8189963600204666,2.9568269213960567
382,4.248495242049359,3.7266906326899782,3.7427344051083473,3.993140318526454,3.729855917573851
383,4.30406509320417,4.02147685702921,3.9721452894672455,4.217357866710286,4.115124376234281
384,2.5649493574615367,3.122075871036606,3.176247371038587,3.5121759699489217,2.536963625887067
385,3.332204510175204,2.65021368277067,2.8065886405830405,2.978399824414702,2.884907659474665
386,4.7535901911063645,4.442856163869686,4.504415509011808,4.65487677903242,4.639660128126197
387,5.25227342804663,5.242778542843541,5.248757332893458,5.4105514342187995,5.13923085814128
388,4.804021044733257,4.973942055991622,4.948030015886989,5.11448624275732,4.428295810563043
389,4.574710978503383,4.454917933005222,4.614297865795597,4.510685357258218,4.643884041675283
390,3.2188758248682006,3.7268560103251263,3.8772490071784285,3.9561026497402616,3.690956914066688
391,1.9459101490553132,2.828069414299817,3.0721979171393596,3.1619607464180093,2.582738722339385
392,3.7376696182833684,3.1956934519931783,3.5271925677550007,3.2661683642844985,3.7221769670890836
393,3.9512437185814275,3.936489597195267,3.851127822988523,3.989730869578076,3.7151873050643665
394,5.003946305945459,4.852699946236539,4.808833101618289,4.805816855807841,4.7779435996378705
395,5.1647859739235145,5.176967550573954,5.265500573451683,5.158771224223025,5.324824182469092
396,4.68213122712422,4.641222918507736,4.678957950238366,4.581261166647794,4.580465532004123
397,3.5553480614894135,3.6999845171645007,3.621240122126836,3.475906825215467,3.31988838454302
398,4.143134726391533,3.7475009492264135,3.681028875512087,3.765189658402277,3.651555083340222
399,4.8283137373023015,4.782670568512066,4.808240876963259,4.739794949565426,4.623323727390805
400,4.30406509320417,4.018616122985835,4.050764078302959,3.8042094593643263,3.8504431202137277
401,4.997212273764115,4.619834383974618,4.855600400496272,4.420023338557846,4.551630484393913
402,3.6375861597263857,3.9545754330435887,4.002022714568491,3.8987993180856417,3.867651904492993
403,4.770684624465665,4.761128881372952,4.742078315396132,4.964496444007319,4.835631173655084
404,5.056245805348308,5.3265526223687685,5.171672780118638,5.245058063517266,5.084042092297532
405,5.3706380281276624,5.39034302583846,5.2965650386609,5.201088959161488,5.64026047034079
406,5.796057750765372,5.541546543938397,5.611688177517113,5.543735233099888,5.81756339869567
407,4.727387818712341,4.749441272287474,4.586923127646902,4.107602773471122,4.506620659994985
408,4.110873864173311,3.7000979820763846,3.547321088841843,3.415268738116657,4.129001577303099
409,4.23410650459726,4.07561525278671,3.991696570081949,4.026129517580255,3.9506617766399996
410,3.784189633918261,3.7494664449645367,3.6536130856856937,3.465827633702617,3.586104291914138
411,4.442651256490317,4.509722979115048,4.3740878148747555,4.4358999732735835,4.664101370047225
412,2.995732273553991,3.1638007000274033,3.0612406878100757,3.0533156580533056,2.6627594844597913
413,4.59511985013459,4.1591382465640265,4.361510255555596,3.9951869472849895,4.580306687783242
414,5.332718793265369,5.142780372733059,5.214893795058648,5.131384805599394,5.440484975338059
415,4.574710978503383,4.583243372529017,4.57953024830108,4.467786499891716,4.53300714028483
416,4.90527477843843,4.766884015881498,4.830184483922753,4.519873022003107,4.723669352739217
417,4.634728988229636,4.737665022557547,4.614159128837735,4.414132547796283,4.695649821069116
418,2.8903717578961645,2.858173662966555,2.5161514501602733,2.4105302050591426,2.5523691062125664
419,3.6375861597263857,3.6836381067001356,3.691576714266535,3.8205394520848084,3.9964525823712003
420,4.1588830833596715,3.94831628844545,3.9909493675635574,3.737207934214161,4.189132868127786
421,2.5649493574615367,3.075785804426653,2.9113979671378494,2.7381439680027753,2.6489857981614526
422,3.4339872044851463,2.838154310916769,2.9710404668180925,2.85488150492817,3.478380272080488
423,4.356708826689592,4.4077285239452255,4.398493773888406,4.2583630854993455,4.68006512480178
424,4.941642422609304,4.84406032884611,4.8403701602029,4.685797215377983,4.602239271864017
425,4.770684624465665,5.021498412935905,4.92041064127548,4.689201877823976,4.3728253233496845
426,2.3978952727983707,3.258424956841982,2.986446665418785,2.9054478157806787,2.7116528927142727
427,3.332204510175204,2.64362733222121,2.817425777927718,2.668986229636862,2.6541009224163314
428,4.189654742026425,3.670563140499225,3.6261024827496717,3.6707259507951293,3.7392943819925053
429,2.6390573296152584,3.0813806596148186,3.0079402997930282,2.9631283398142525,2.6943588741875106
430,3.2188758248682006,2.5553249802324314,2.6341686496118477,2.203622693015181,2.6869622094351984
431,4.700480365792417,4.396163672698059,4.4406032263670765,4.377588230279429,4.273923651666544
432,4.820281565605037,4.941387563053273,4.856527321012217,4.82748073527072,4.6767112892890985
433,3.7376696182833684,3.8816177981954274,3.9544558843942657,3.8130880544911543,3.4951355722662383
434,3.4965075614664802,2.967386171126479,2.852630146120145,3.000874064070391,2.4403067638383846
435,4.804021044733257,4.43413516322988,4.6046572065362374,4.473572794229775,4.622064996302804
436,5.4680601411351315,5.13478217139954,5.213991174057132,5.193588761697804,5.493465466797826
437,5.652489180268651,5.405447590350987,5.538047811328702,5.59993718623477,5.734062586699177
438,4.804021044733257,4.867857719347578,4.89805510789077,4.6000416383088645,5.1242350143143085
439,3.1354942159291497,2.8552471780312785,2.874452121827452,2.573821075964078,2.269011818105498
440,3.8501476017100584,3.534673186957561,3.685296765255186,3.5057828658360046,3.754256431045392
441,5.389071729816501,4.954146618302454,4.901676166191961,5.051735767369737,5.4850889587941705
442,4.9344739331306915,5.061180108625375,4.817938814369547,4.954032800422102,4.957338429699452
443,5.030437921392435,5.439790616197931,5.099613230131886,5.195666878853887,5.528877861520291
444,3.7612001156935624,4.786472568220261,4.526824461644918,4.428212282348916,4.58217168079395
445,4.02535169073515,3.498007719782826,3.475306216663696,2.8876773328938614,3.957529334711889
446,5.0369526024136295,5.068220493869518,5.015612106318289,4.999879830868194,5.458852464071702
447,4.356708826689592,4.533817819470016,4.454431038659078,4.127882045009203,4.336348661667454
448,2.6390573296152584,2.783036862290884,2.6749741905316884,2.483873623569454,2.054310676189852
449,3.1780538303479458,2.748450839607442,2.8147542276023554,2.6910756750849227,2.9261590635120083
450,4.820281565605037,4.634108364910814,4.53418875327862,4.615802694026194,4.728684751756976
451,3.828641396489095,4.138291161591719,4.056058877288447,3.8589608092915886,4.113513655484148
452,3.9889840465642745,3.783568382949708,3.7027396932034247,3.805611763263808,3.764455713897335
453,2.1972245773362196,2.8849103246063925,2.8866591080669997,2.822910769345037,2.346155217927632
454,3.2188758248682006,2.4309534356261473,2.6984651243771025,2.3984854910014795,2.3192148615237422
455,4.709530201312334,4.361861931546152,4.431883799673035,4.308064522916073,4.04164075956256
456,5.278114659230517,5.222854914737792,5.132496825012323,5.275565567520494,5.4407091594079695
457,5.44673737166631,5.263813655928765,5.238092445114198,5.192852256659238,5.364837306135386
458,4.867534450455582,4.924193519860417,4.886168441878707,4.628590128565821,4.856041125099504
459,2.0794415416798357,2.9812180637127867,2.6631922959923444,2.7320300335417023,2.35076766094361
460,3.4339872044851463,2.5957138213262834,2.7964102974570393,2.4294813196182408,2.635753370771603
461,3.6375861597263857,3.830083487441715,3.7044708701686138,3.7458707307314922,3.924826607992238
462,4.127134385045092,3.741393392629699,3.740425116098686,3.8380235728808385,3.7081104112516554
463,4.174387269895637,3.666534045241551,3.6959631842392935,3.6219647284586944,3.535117250934153
464,4.584967478670572,4.245994578585769,4.398920048845017,4.14801667797273,4.31178547244744
465,4.6443908991413725,4.420286058173247,4.555296877751635,4.132216815270628,4.330339166436923
466,5.337538079701318,4.8426405603123515,5.104071604601935,4.893219180384618,4.921012207703486
467,5.214935757608986,4.98382027127228,5.251211139899777,4.741992769305025,5.2088410297254715
468,3.871201010907891,3.9529702244711866,3.9803540979290872,3.8490475117727496,3.8578060545433663
469,4.406719247264253,4.425894642773192,4.513438183960551,4.329193216150879,4.578494819633818
470,3.8066624897703196,4.211623849835513,4.460719143472345,3.9561291612394958,4.455003044592566
471,2.995732273553991,3.4458867289155686,3.669448652518438,3.280919684825701,3.6227842714268825
472,3.044522437723423,3.3362919666147137,3.440691224070927,3.228592017927693,3.0473091410499213
473,3.5553480614894135,3.4222551237893133,3.4707107475512036,3.168516867018816,3.480849002472461
474,4.356708826689592,4.292040555407779,4.409956958100011,4.073962573082674,4.443348521620273
475,4.820281565605037,4.679692734016032,4.787432168151882,4.503832670047411,4.985725184931904
476,4.663439094112067,4.647771348097144,4.609441294723363,4.257839543822939,4.684855862064838
477,4.430816798843313,4.683795762530984,4.441516885307197,4.456056173682008,4.819206657044472
478,4.174387269895637,4.892178639722162,4.8418750521077785,4.715481008484303,4.974019460911588
479,4.330733340286331,4.368716754426733,4.469074735397655,4.1672334547447365,4.677493247155915
480,5.003946305945459,4.511543680405475,4.656176593066524,4.294842365153804,4.388055218805221
481,5.030437921392435,5.123637857626885,5.152747157374823,4.849313343013864,5.495345259233455
482,4.0943445622221,3.9867396218880935,3.925301309071884,3.7350800252046343,3.8209386089258803
483,3.58351893845611,3.2730108271450344,3.123006360886016,3.27541634259408,3.0541513839105376
484,3.367295829986474,3.794526900967672,3.6111657341562764,3.532318467305067,3.6662896729415095
485,4.143134726391533,3.81823394666463,3.7947644770454545,3.921609290119516,4.071543136386312
486,3.9889840465642745,3.9683472338145354,3.9759349570209954,3.9338722931019467,4.059464353715292
487,3.044522437723423,2.91001252094383,2.6896095113958483,2.978480194490986,2.4588275813992757
488,3.1780538303479458,2.891542437295768,2.689206807502941,3.076679237143426,2.6006173428134103
489,4.574710978503383,4.404588354940725,4.288216603193069,4.465193932125861,4.164238093516709
490,5.093750200806762,5.159247043979189,5.02682404193973,5.269018973601788,5.143493506510438
491,5.017279836814924,4.858771981157611,4.82489873312013,4.870566738956509,4.723198807203021
492,4.955827057601261,4.752018917633502,4.8210863888804285,4.470368083143556,4.490810569446827
493,2.5649493574615367,3.0183259481777966,3.0139551169603447,2.9291204190737354,2.5923085418386536
494,3.295836866004329,3.3896532595373086,3.2678356378486546,3.63074977378037,3.3232237683454393
495,4.007333185232471,3.681584115682779,3.610245268752025,3.7192845421310077,3.678908217233404
496,4.700480365792417,4.634717357029377,4.811230163932523,4.577145628957949,4.39767357835566
497,3.295836866004329,3.544298923656715,3.4358985703944267,3.3688091965699942,3.4030141027774428
498,4.219507705176107,4.016836334118225,3.9604594664502457,3.859116013578576,3.6386010461933376
499,4.9344739331306915,4.678940461735691,4.776835906974567,4.682901303169306,4.723301172529052
500,4.110873864173311,3.91296568734889,3.777950782289868,3.8318649697958946,3.8009044845737567
501,4.219507705176107,3.7063222515392797,3.7480184723069483,3.5084276440604683,3.5090353570226114
502,4.1588830833596715,3.8316719142998203,3.7497937714415963,3.693965295064307,3.7967044376959347
503,3.784189633918261,3.59966565744193,3.4683153616009834,3.6819727807191653,3.301062121637286
504,4.007333185232471,3.692571146856174,3.7882704780092893,3.7539476995402152,3.687171379750749
505,3.970291913552122,4.237354531436982,4.207260084971016,4.088676117310378,4.144063316922008
506,4.290459441148391,4.352335622651923,4.380261447734368,4.339535585447833,4.463090993718608
507,4.59511985013459,4.6603642936351175,4.662504200355817,4.558394737625039,4.640272609331209
508,4.406719247264253,4.340886532484023,4.215262936352932,4.2582442068277615,4.469518180496742
509,3.784189633918261,3.797175288891953,3.723531237372295,3.7068060714308393,3.7415803276380153
510,4.7535901911063645,4.191137537066321,4.2511872982827486,4.3112065358284415,4.187400337014872
511,4.74493212836325,4.438727375878045,4.476498617053078,4.354975185663311,4.8065973510377
512,4.836281906951478,4.774284815910271,4.688312520697878,4.70002315159765,4.910855693419216
513,3.828641396489095,3.6414609417535786,3.62896108265898,3.571780038553048,3.748577220932604
514,3.713572066704308,3.7474687959394406,3.765179433477508,3.830677962408803,3.948616565031801
515,3.1780538303479458,3.28653209725376,3.3790469457926307,3.223880664836617,3.5717680012552355
516,3.784189633918261,3.6183580730114975,3.7928859804216337,3.8073249503601105,3.7690151759475286
517,2.995732273553991,3.4599050027692835,3.678313770166781,3.385799762777146,3.321099995641876
518,3.7612001156935624,3.347449552352466,3.346207648504835,3.4030652695551122,3.527678032907265
519,3.970291913552122,3.6363821328414208,3.6995928486751315,3.664285822133574,3.6505302493473915
520,3.6888794541139363,3.5443126659800077,3.520990408555032,3.679323039864469,4.007116487611954
521,3.5553480614894135,2.8719183890282114,3.199443311871566,3.273582720567938,3.2874032060975886
522,3.2188758248682006,3.2266157143992515,3.313182096828508,3.3420692664720515,3.41695749548277
523,2.995732273553991,3.562571678103992,3.380821233305791,3.7335919581150656,3.4783890399567454
524,4.060443010546419,3.382461833037042,3.2942423942608703,3.5269630042109483,3.623606811299303
525,3.044522437723423,3.5980423992482575,3.541103829808205,3.780926135741581,3.4066319329378736
526,3.1780538303479458,3.379718775895484,3.2362489819391973,3.4474465121150093,2.9530584823455763
527,3.8501476017100584,4.157727331004879,4.214604363952414,3.8416077627533767,4.292048113586155
528,4.844187086458591,4.465186682987703,4.490780843167884,4.227344957905666,4.375928817258696
529,4.02535169073515,3.8297724096069787,3.6238095825248178,3.7292053985726117,3.356161522080298
530,2.4849066497880004,2.4705558270997034,2.6898929974604378,2.3679899826693713,3.2318317432804746
531,2.833213344056216,3.277388705233047,3.217496624085832,3.2331965743679816,2.9475068781533027
532,3.5263605246161616,3.4341068643875596,3.58195517402807,3.2489765289492456,3.8321566720373843
533,3.970291913552122,4.264065226522549,4.05103685470224,4.126010480751569,4.411976383615487
534,4.564348191467836,4.495779013519857,4.449470531850746,4.490550519563571,4.578539522247244
535,4.7535901911063645,4.589528905787066,4.5078840639009305,4.651578174996617,4.601373118771686
536,4.624972813284271,4.996637912352361,4.827503228264511,5.197930306809904,4.846331978895433
537,4.477336814478207,4.5666057329337395,4.475563489582072,4.417242477202083,4.719782878819245
538,4.532599493153256,4.572613387244374,4.210100647178548,4.3964596274209375,4.8671357414442085
539,4.762173934797756,4.619052157020397,4.347460743310696,4.386266531712018,4.457950915286675
540,4.127134385045092,4.4705376657457565,4.3391566547669616,4.267874036157505,4.08328592851764
541,4.007333185232471,4.165498689021154,4.229378721839732,4.106591586856796,4.110558009058931
542,4.02535169073515,4.436664608314441,4.4789995929776305,4.456664597385457,4.3690424257145715
543,4.48863636973214,4.33634743119113,4.227298751757252,4.124779644587728,4.711817622406384
544,3.4339872044851463,4.091658620690653,4.165143984371426,4.104500358577738,3.688493447444084
545,3.4965075614664802,3.2613378874599745,3.2171554432721665,3.122144203308495,3.30079520687268
546,3.9512437185814275,3.646906252436742,3.6537635326086635,3.636650084625171,3.579897659209637
547,3.912023005428146,3.6941233067028643,3.6587610337217322,3.6260372072506404,3.871306898236294
548,3.258096538021482,3.436249366950446,3.410678167917159,3.3552305004795318,3.45456972208067
549,2.70805020110221,2.507978413046221,2.898536228106135,2.350357834299287,2.365177945279292
550,2.9444389791664403,3.3614196289023432,3.364694113452212,3.1886956485074913,3.080457431096888
551,3.912023005428146,4.024055026643917,3.882655620869707,4.020657055266103,3.9919434198715
552,4.330733340286331,3.478254965241584,3.465737333310178,3.6891647953469002,3.680993182804541
553,3.044522437723423,2.7232994869589486,2.8825175801627485,3.014633024387653,3.5750799587672963
554,2.1972245773362196,2.3824174758012013,2.714656116107162,2.7056970990506666,2.6735284914863686
555,2.4849066497880004,3.233503756689768,3.1529321828959738,3.3607287160967907,3.6658099843499947
556,2.995732273553991,3.2282148893546028,3.187955601317965,3.1786831306487393,3.1869133227119053
557,4.454347296253507,4.16011588817372,3.8054320442262504,4.002276118797164,3.920377034524014
558,4.653960350157523,4.4927790997223065,4.595856701408064,4.760832728795521,4.4908033719887035
559,3.7612001156935624,4.167868553949095,4.003441358417289,4.3784023045239415,3.560579839949699
560,2.995732273553991,3.2092626307176486,3.216742737856218,3.2139529754252356,3.666222014524587
561,2.70805020110221,2.427248561537717,2.863760746818297,2.6404004903803795,2.832660897005746
562,3.1780538303479458,3.886853479601771,3.4006619727517267,3.87820469941694,3.5318333701073055
563,3.7376696182833684,4.059189146800873,3.8895602237940303,3.8813202029007714,3.7707726150588217
564,4.51085950651685,4.390791016131265,4.386924707093575,4.451333258891991,4.715402361170428
565,5.204006687076795,4.907202819651567,4.833888501420361,4.91006398313783,4.4807727564054485
566,4.804021044733257,4.68403592506809,4.672700909141596,4.581626345076806,4.36240590476703
567,4.836281906951478,4.739139913652857,4.674915825831649,4.828373671506091,4.5569101027078
568,4.672828834461906,4.410265145651494,4.359571421641041,4.7000859991178485,4.734585701314405
569,4.499809670330265,4.366757465831122,4.074954988950623,4.64476592189226,3.6778644372562326
570,5.003946305945459,4.675785542506271,4.452206647095996,4.922735641600903,4.77599066570005
571,4.77912349311153,4.861127053635822,4.697601817676508,5.167216555710206,4.669716228634968
572,2.772588722239781,3.8632678811173697,3.6799760098905074,4.111165416295658,3.778222783394912
573,2.9444389791664403,2.468186271316814,2.6719355853402447,2.3373246464162434,2.866538654190459
574,2.1972245773362196,2.3463466191093136,2.9494471611830533,2.6377502629677614,2.8570324965603833
575,3.2188758248682006,3.701263630125921,3.684676373890896,3.584582160207373,3.854202422721046
576,3.5263605246161616,3.500042704580739,3.3740172464844624,3.385102999949065,3.819349876684389
577,4.143134726391533,4.568708512411794,4.322454500018184,4.852171504831766,4.495765225769683
578,4.248495242049359,4.539058674138363,4.500341382516162,4.879306917262188,4.569229934783531
579,4.219507705176107,4.660688569850284,4.424915339732148,4.969091889354846,4.652067162123439
580,4.836281906951478,4.587186939618769,4.412397415473798,4.749265376431543,4.631460010122285
581,4.290459441148391,4.804728144649351,4.50061941455602,5.121654673448003,4.604353403561724
582,3.9318256327243257,4.460425566335674,4.274467497831988,4.630793411158627,4.691723289429623
583,4.6443908991413725,4.65774199310161,4.446992906453299,4.842522629268074,4.22375818712713
584,4.6913478822291435,4.598835629527491,4.503721736806895,4.916072005118346,4.424859267780501
585,3.912023005428146,4.369261835354112,4.400470269332181,4.680470061450901,3.9407872540280473
586,3.58351893845611,3.9690323803772225,3.9872546354182736,4.256774885396497,3.6276835101905602
587,3.5553480614894135,3.3316262478003824,3.521983580173652,3.2451197220114563,4.097705449331934
588,3.6375861597263857,3.6409355353799038,3.6402061320638155,3.7475934221995626,3.9291915233443198
589,3.58351893845611,2.8910204455871593,3.1390661807518305,3.392487754244106,3.495738499590328
590,3.871201010907891,3.998018666361596,3.8324401618393718,4.345724886135734,4.44353531681671
591,4.204692619390966,3.6131164213767377,3.6257405065016797,4.007435536872641,3.975126346993369
592,4.499809670330265,4.202013849124013,4.170782523385164,4.545950240506419,4.534827008205531
593,4.897839799950911,4.840988677979872,4.702962869209503,5.130523763211855,4.739123997445252
594,4.143134726391533,4.385403056906305,4.242753035487896,4.577604044003401,4.115330425049233
595,3.7376696182833684,3.6625650662678506,3.6478469734423236,3.887298898250421,3.447458461895754
596,3.9318256327243257,3.9621685817118415,4.0501012829118315,4.209532496288708,4.092496740839284
597,4.51085950651685,4.274004104447483,4.350185887169528,4.377708775413861,4.402217475171058
598,4.653960350157523,4.50153593957226,4.627069445290445,4.857505165635731,4.707849871635989
599,4.330733340286331,4.245456854627153,4.3348569467555595,4.6036877594516925,3.8318951368889733
600,3.970291913552122,4.129048093034337,4.310091953110223,4.42306481496318,4.2678384674310195
601,4.465908118654584,4.070539604795588,4.062412741672918,4.34914142995056,3.95000529441205
602,3.8066624897703196,3.710686889105415,3.373050482505087,4.1486514127643295,3.5766456775487647
603,3.295836866004329,3.624274474244499,3.5636987824723683,4.124793058449529,3.7704048925798994
604,4.219507705176107,3.6811429723168416,3.7324306920502215,3.741072256980493,3.6905355449468287
605,4.31748811353631,4.438003778659624,4.264287955810363,4.66468422034941,4.43082033160467
606,4.110873864173311,3.4894098876762003,3.432910203297485,3.756039418125338,3.517540690627345
607,3.091042453358316,4.046489075286902,4.150865556031854,4.0722620425651455,4.396838330104497
608,4.174387269895637,3.9514773913977805,3.9454533691468834,3.8780397241259106,4.19190367695634
609,4.07753744390572,4.162748095995202,4.300860360422754,4.262277897180067,4.371819598227004
610,4.51085950651685,4.174465713765317,4.285773751829803,4.277854727150663,4.466226322426019
611,3.713572066704308,4.205187664751762,4.161523774914193,4.262932467978686,3.748569191562897
612,3.9889840465642745,4.4032844465805985,4.465709208450308,4.316937520324013,4.584531118063627
613,3.7612001156935624,4.144216401803104,4.269666718239994,4.339163824689475,3.765428231617806
614,4.5217885770490405,4.316144822067512,4.38422110920762,4.453186155878066,4.079237434268741
615,4.406719247264253,4.43680690098899,4.4255933940346175,4.572888881732413,4.336241955355565
616,4.795790545596741,4.839536716667067,4.869003262111331,4.927998797039765,4.9314916127536375
617,4.07753744390572,4.249847133649162,4.238600718659922,4.265278279335833,3.943933726040484
618,3.1354942159291497,3.5148384709936535,3.1882150080082488,3.775868989195738,3.4961829793389674
619,3.6635616461296463,4.478951747287173,4.477172855752952,4.508578198287868,4.092513424271217
620,4.394449154672439,3.9555083657883907,4.163682002566466,4.037456095125805,3.7736761142313053
621,3.8918202981106265,3.505691961747046,3.6474502417036,3.7386344407655803,3.8793503570967354
622,3.9512437185814275,3.564445463167937,3.416630764910377,3.702440645496073,4.018326613327339
623,3.5263605246161616,3.5967985266267517,3.6637837542179783,3.8469580598669526,3.8930214776754206
624,2.70805020110221,3.4197510327336844,3.3818826762368097,3.7277996605872694,3.4033404155710625
625,2.8903717578961645,3.3308182365394083,3.3861107626457323,3.405686113085368,3.5721744513636526
626,3.091042453358316,3.263504027096797,3.3482654371994993,3.5638792717122056,3.5561214126461573
627,2.6390573296152584,3.48276942372363,3.607683184462446,3.8992930332345317,3.463968237365951
628,2.70805020110221,2.647501281074363,3.0899713371491093,2.818889405370761,2.5792545153956676
629,2.5649493574615367,3.5328510567242617,3.3792104781756565,3.5489291399453045,3.6217917908895347
630,2.5649493574615367,3.2999609975420268,3.356872094316648,3.154612433943797,3.7728854179529723
631,2.833213344056216,3.463645662648392,3.3612894766767867,3.2342033375706207,3.792918590286881
632,3.367295829986474,3.8122547621971776,3.8100449768169176,3.684180245519939,3.9412264070844785
633,3.367295829986474,3.5016308546910264,3.5345620581198025,3.6450394309564933,3.9918876191666994
634,3.258096538021482,2.73640075232208,3.0300545836375243,3.3973104486499466,3.6287789919583497
635,2.4849066497880004,2.8345483526494935,2.9363061905766563,3.2924661542334333,3.0421736743071883
636,2.3978952727983707,2.634969903569362,2.824762853447334,3.2073721287554933,2.8649960502213605
637,2.772588722239781,3.448553991445654,3.230148791757343,3.7276944914930823,3.6009903195439437
638,3.8501476017100584,3.4158968605732136,3.305785185291606,3.663674042387847,3.4839417178013194
639,2.9444389791664403,2.8710860943146255,2.918140173967357,3.6524176409015934,2.6301894520112734
640,2.8903717578961645,3.6124689653803816,3.3139960840730542,3.689605158888636,4.0013908452683165
641,3.258096538021482,3.8048611030656234,3.604181302264783,4.155549475022278,3.856127792259613
642,3.970291913552122,4.342251023150203,4.2096847928011085,4.440416363982659,4.49183546657588
643,3.4965075614664802,3.046091791120059,3.14604971979289,3.49477504727776,3.415947146832021
644,2.1972245773362196,3.1004399872281247,3.090598809708229,3.171110826447131,3.0710572797288394
645,2.302585092994046,2.816199339392474,2.868921757987731,2.881420135259964,2.9471682029347153
646,2.302585092994046,2.550680837545393,2.7398071228371355,2.9037810810011413,2.631555885139422
647,3.044522437723423,3.5012733658770934,3.313286302521059,3.8644645585385455,3.472312049928154
648,4.204692619390966,3.761342153021282,3.7975165516287275,4.049507272563397,4.114191234641158
649,4.663439094112067,4.548314827174669,4.518400700905028,4.8567631522082335,4.861183521371673
650,4.859812404361672,4.947675586528956,4.803282284047755,5.403413910541425,5.061902450314472
651,5.0238805208462765,5.209657700371586,5.098347210969522,5.589044140188535,5.539184551139873
652,4.343805421853684,4.579220068001111,4.514047112710378,4.84917865401782,4.570553679896623
653,3.1780538303479458,3.622500737168721,3.8610787551494794,3.818895446779795,3.6124769209400833
654,4.465908118654584,4.241886544266623,4.089493745372608,4.178092984830209,4.21698261104993
655,4.624972813284271,4.514609921996895,4.525572802269343,4.693005705251502,5.01646787053259
656,4.912654885736053,4.843455032991309,4.788250897198697,5.210657238687195,4.6540172248473635
657,3.4965075614664802,3.9783295104239524,3.6437252024376305,4.126676126006743,3.832728817224262
658,4.553876891600541,4.211739391805132,4.23355582031196,4.379366312777326,4.713617165287978
659,3.1354942159291497,3.0142998322314507,3.19362186700891,3.463977701183909,3.397509176909504
660,3.5553480614894135,3.4560172397826494,3.57134909830423,3.7142013184317793,3.3532537849862205
661,3.8918202981106265,3.7918471453775613,3.91093041352768,4.143576216668176,4.217527861413508
662,3.912023005428146,3.773508527650961,3.9586052576461443,4.013460980103273,3.943230176322687
663,3.8066624897703196,3.9498254540267492,4.023627733519866,4.114066568395945,4.025437489639083
664,3.4339872044851463,3.171291012705269,3.1343345392208337,3.3934072998253786,2.860376383167138
665,2.70805020110221,2.980955435382582,3.1427858154066306,3.029491547141422,2.5633784412732745
666,3.4339872044851463,3.292525049654565,3.129627200346019,3.62425221608093,3.1641072064808573
667,3.367295829986474,3.6798237507737364,3.8540916776466156,4.186135980449897,3.7442173596047503
668,4.74493212836325,4.4214351603367374,4.461807737274674,4.632012361820429,4.48227661269684
669,5.407171771460119,5.282264124586328,5.139100993314101,5.485567564299553,5.352749058003658
670,5.683579767338681,5.463112601355623,5.431984925057204,5.745632471852585,5.662796868683161
671,5.564520407322694,5.514931856534388,5.458252891432251,5.67073954942742,5.418145539679483
672,2.4849066497880004,3.0902341952775494,2.9200666043039893,3.398921705161735,3.230056581675867
673,2.833213344056216,2.537936123503802,2.8842162753911853,3.083292995421166,2.956541208934074
674,2.1972245773362196,2.4868399354257478,2.7594814286085896,2.9118941660048625,2.560957717405218
675,2.3978952727983707,2.502349727408543,2.5227492040775275,2.903743423254535,3.1891409607042345
676,2.9444389791664403,3.431010654888132,3.2683203043165756,3.6227319862598866,3.709936247747658
677,3.58351893845611,3.5682884387687226,3.7034156241961953,3.7690066961136446,3.2288850212850173
678,4.6443908991413725,4.279981460862447,4.415564073971894,4.289119954015446,4.406418248438694
679,4.700480365792417,4.439636203154089,4.512317669383932,4.542878333491663,4.526043806727819
680,5.318119993844216,5.162729776362807,5.160656452618133,5.405724475215397,5.544990757733558
681,5.68697535633982,5.521653966006623,5.464137063522515,5.836244184065485,5.758613842430888
682,3.8501476017100584,4.1206105833856554,3.9070906648776367,4.370082916542493,3.737863048598854
683,4.060443010546419,3.7829967253465995,3.8960113294443994,3.933449596518409,4.021590715394595
684,4.31748811353631,4.09457839071325,4.010052692359297,4.28574755486206,3.8999041563635855
685,3.9512437185814275,4.069291400305044,4.100789091224768,4.237790400944997,4.27554359770207
686,3.4011973816621555,3.9531516051839914,3.8605165471324057,4.081059164957676,4.3970417130583925
687,4.007333185232471,4.005979103892514,3.8636405416459163,4.109309597958759,3.737545872318841
688,4.02535169073515,4.064835446850473,4.041598352469617,4.349479706013108,3.736748223165375
689,3.6375861597263857,4.086185123602947,4.018988601273856,4.320742250317049,4.148945609814386
690,3.367295829986474,4.070498602481121,4.116327304362836,4.264396444228698,3.93666296250344
691,2.772588722239781,2.609941268302847,2.816390738633604,2.7718582434937615,2.6156646076520422
692,2.1972245773362196,2.712149837840042,2.963918206419448,2.864302424092337,2.6968198492467996
693,2.0794415416798357,2.7218511145038287,2.963132658877263,3.2215083363438444,2.9793882023422826
694,3.258096538021482,3.649149244343777,3.6149797280742777,3.8684216011000814,3.482376726467558
695,3.784189633918261,3.9055186187842215,3.9960158197550375,4.0149658406843995,4.012245557892115
696,4.290459441148391,3.954579430737916,4.064261457722534,4.130933259071942,4.103815657131107
697,4.343805421853684,4.483972980669574,4.4891500646314695,4.519353596726148,4.497554748372279
698,5.0106352940962555,4.66735112772187,4.842234158324269,4.792067228949688,4.790351873990005
699,5.351858133476067,5.2383852719894675,5.246927776534285,5.316847348820092,5.04118947292517
700,4.709530201312334,4.760061916233743,4.4767508266976295,4.528538649238961,4.460444475166885
701,3.044522437723423,3.1745142688388173,3.0530976980634628,3.069017510139097,2.63392586537309
702,2.995732273553991,3.1617369828797908,2.8886608869605195,2.931707535018925,3.3357994272970677
703,4.110873864173311,4.052344117143678,3.5835843159915326,3.780741438422691,3.84142079214236
704,4.8283137373023015,4.979658571723298,4.6666236089001325,4.915228098003496,5.229822289757655
705,4.890349128221754,4.983043778078636,4.774179948196861,4.887819529395475,3.8778015466310816
706,4.653960350157523,4.838149171664209,4.525196998755619,4.74534287689799,4.632587349907547
707,5.049856007249537,5.401704236871794,5.112778175337212,5.076715754012891,5.022843341214019
708,5.342334251964811,5.260754126008724,5.155648194766477,5.088300227803,5.1762561750756095
709,5.616771097666572,5.497624015837518,5.477411254503496,5.335789820485166,5.677859731719092
710,5.2832037287379885,5.282715832086541,5.205149688226216,5.306558511422146,5.309853443291246
711,4.07753744390572,4.103581198917408,3.8884467814679518,3.881066375741967,3.3687793557056533
712,4.110873864173311,4.132316694752633,3.9919843921870535,4.187359579531638,4.218124531424712
713,4.23410650459726,3.9991937240738307,4.02804471166579,4.045904673598673,3.8040461713849028
714,4.343805421853684,4.680359519369979,4.47098637634479,4.735045393182089,4.416597880154894
715,4.189654742026425,4.084818280207728,3.8496987464964008,4.026409438461549,3.6523703208143594
716,3.784189633918261,4.095713050071576,3.81393266603616,3.943902845390281,3.528692589590028
717,3.9318256327243257,4.095488148128659,3.789303316457932,3.8292776206413963,3.594694568180332
718,3.332204510175204,3.409191914724075,3.2429828495672672,3.4483216523559097,3.538628956499818
719,3.828641396489095,3.9971508146079655,3.785086119300879,3.8558078305889567,4.262463728419867
720,3.9318256327243257,4.22143376894997,3.8864982042423937,4.118079373516732,3.525773399295372
721,3.6635616461296463,3.6484656303745244,3.6850571751359693,3.5054314782703457,4.216875033349879
722,5.3706380281276624,5.0467154370599125,4.575213920124791,5.1843028354908025,5.093248671381414
723,5.556828061699537,5.712507000475855,5.554009878767028,5.6787068905098534,5.689561048695471
724,5.53338948872752,5.623880985653118,5.566779661833027,5.818712140423233,5.94505874195795
725,5.840641657373398,5.520024729518041,5.471489926786174,5.418150921819878,5.45391206670077
726,6.142037405587356,5.67889984378493,5.520958899782411,5.737794658947779,6.00348775281985
727,2.3978952727983707,2.3907619419753656,2.6637785453802336,3.0648240837296794,2.6118264202545647
728,3.4657359027997265,3.5101849600050485,3.523065824230856,3.4946126290889636,3.353076670571708
729,3.912023005428146,3.943213668002109,3.957264662196156,4.086767654404532,4.1458939865019815
730,4.890349128221754,4.918090365621469,4.823460119623358,5.011222315649893,4.8463694718936114
731,5.198497031265826,5.505885862010824,5.199853889635479,5.633021713809779,5.34390746471414
732,5.5053315359323625,5.484274243069361,5.22309304885619,5.754385763720974,5.431932388064945
733,5.501258210544727,5.381881788733119,5.2235221606695905,5.429343236328355,5.431483017543563
734,4.574710978503383,4.744103104995682,4.553635613009183,4.63034284617555,4.488270317529706
735,3.8918202981106265,3.7289262619544052,3.85450268636518,3.9071301957614484,3.5348925971012406
736,4.87519732320115,5.0645605594199585,4.800806974305508,5.0886577815121745,4.6606864362064755
737,5.19295685089021,5.4145944405915385,5.177247073424787,5.267879203460038,5.339745922555876
738,5.062595033026967,5.408565333275308,5.223555047806695,5.346655871562164,5.2686578046967245
739,2.0794415416798357,3.050102102504313,2.835734595044134,2.974995343714475,2.870096631341629
740,2.1972245773362196,2.602983966151006,2.5050995342118165,2.6583488770460812,3.1635320926183073
741,4.143134726391533,3.6285263369363427,3.215427656538332,3.629212521391345,3.442792994821186
742,4.07753744390572,4.086182488120949,4.03936383011965,4.208981122804789,4.068683036725131
743,4.852030263919617,4.772788688177638,4.81325338765046,4.813515784536022,4.845859460786567
744,5.298317366548036,5.389449898435609,5.225513909074161,5.3973571105930285,5.246879364043171
745,5.442417710521793,5.384635285317447,5.228679685121454,5.279421910376777,5.397280703925706
746,5.697093486505405,5.435338619760752,5.627484763272927,5.313511052873471,5.952226715271353
747,5.545177444479562,5.666497012180757,5.607949788984692,5.6990908210242255,5.543167394531762
748,5.075173815233827,5.310937825260341,5.223740100004314,5.287321724521073,5.303819780443123
749,5.583496308781699,5.585399374757614,5.538709615507316,5.634689327955853,5.1274003468611955
750,3.912023005428146,4.051986310727644,3.9920618631844156,4.04581121259659,3.032348991211151
751,4.74493212836325,4.801451894755949,4.48024847405166,4.7492920866275545,4.146106947516078
752,5.634789603169249,5.558103252817497,5.456540097094983,5.537546719722678,5.733271878621504
753,4.3694478524670215,4.777027919542351,4.601333106632892,4.778769004780082,4.363312445421944
754,4.204692619390966,3.6679317190714578,3.711760026453131,3.7216865179323464,3.5104645522819085
755,5.176149732573829,5.260981026473189,5.167897669843484,5.508527251179597,4.929871970395576
756,5.58724865840025,5.374750341266171,5.583830340158059,5.202124614358805,5.863215462325057
757,5.5134287461649825,5.129569173536862,5.216549895550922,5.1240483634388525,5.506508751242224
758,3.6375861597263857,4.082819794763253,4.05864098230028,3.9669714657104285,3.7699521069170254
759,3.5553480614894135,3.71088501419735,3.630706332265346,3.7538589664010313,3.8419197680012607
760,3.258096538021482,3.0575674851937498,2.922814629196765,3.014992082092994,3.129835391035
761,2.6390573296152584,2.937616314463152,2.927106839763327,3.1134861993279723,2.804668004405431
762,3.58351893845611,3.7872971466487075,3.724984377592278,3.5750657096116316,3.6628026271028506
763,4.343805421853684,4.466016946641825,4.4692353948183845,4.472876053314906,4.418574187117013
764,3.8501476017100584,3.9130147798415056,3.897846221052346,3.795132780407299,3.7158337835396393
765,2.4849066497880004,3.1189041917644578,2.9125787740781224,3.2830768825399375,2.7644022035566107
766,2.70805020110221,2.9101049412703732,2.9159125895368656,2.9936075284468777,3.0870020047791096
767,3.295836866004329,3.861289736103134,3.6069881770490464,3.676178648221493,3.750151114617509
768,4.30406509320417,3.8000862249186538,3.8452322754921346,3.6496463243483337,4.039587366164764
769,4.61512051684126,4.4954761487317025,4.467784853729408,4.511254136741839,4.535901338759783
770,4.820281565605037,4.802164540832864,4.81243894625044,4.7846199934000175,5.076149722913463
771,3.6375861597263857,4.139170270905051,4.028946907486489,4.260020752183379,4.0147847242641905
772,2.3978952727983707,2.8243676871947,2.824712048204018,3.2317697041600773,2.584152960441031
773,4.143134726391533,3.577244499478062,3.5162598643183367,3.548923396707698,3.799616174104965
774,4.770684624465665,4.960815123655472,4.805884381924538,4.975964269882965,4.738646828473822
775,4.882801922586371,5.07924140503022,4.8451580711127,4.917903338278388,4.93965422336705
776,2.6390573296152584,3.27161109197111,3.1119993019821925,3.1364802651477772,3.237674836635355
777,2.302585092994046,2.829099108940329,2.7648186521311082,3.2383803559952953,2.7083631467012044
778,2.6390573296152584,2.7994979241120674,2.4491372278456742,2.777313055080756,2.7889002090966315
779,3.367295829986474,3.6814479188918754,3.6276607134400463,3.2698161085023227,3.762709401595089
780,3.58351893845611,4.061045941550116,4.03691389901666,3.873103529821944,3.629719942538695
781,4.59511985013459,4.485195130935687,4.487423932873606,4.397566717611332,4.692843118923484
782,4.804021044733257,5.002106904132209,4.860461697484505,4.769048718899859,4.788911281513432
783,4.143134726391533,4.121071964013168,4.114588724267112,4.100346379409594,4.071012192012569
784,3.9318256327243257,4.234062373156303,3.9839439487998787,3.9277012552169848,4.053190825846374
785,2.9444389791664403,3.2297097569326545,2.943374111859336,3.0148837243751676,3.0557998711346226
786,2.6390573296152584,3.016418083557518,2.7911172006203837,2.757728320456945,3.001203818414326
787,3.4011973816621555,3.8582250014353168,3.585952295427144,3.469180491490266,4.0909540193214955
788,3.58351893845611,3.985566594194372,4.03193471460581,3.8317576537136926,4.036443478135256
789,2.6390573296152584,3.163787050827756,3.08254571969409,3.189444722178346,3.512069151231292
790,2.3978952727983707,2.914606735704949,3.1552014322171673,2.6340598213941133,3.127717943384952
791,3.4657359027997265,2.8275549655342376,2.981461715626816,2.7164855867005504,3.1568024180089935
792,3.9318256327243257,4.0279149191440595,4.005392049072541,3.9290946126796253,4.244673793601143
793,5.241747015059643,5.0612028701288905,5.119564051479316,4.870825175031284,5.025219099463181
794,3.784189633918261,3.8937985006858624,3.6814131818086433,3.5418949368021506,4.369148475141186
795,4.584967478670572,4.5354804907103174,4.53348829168194,4.447344318343809,4.704128174254462
796,5.030437921392435,5.323343193189865,5.199543017773817,5.154523456502735,5.256961659870234
797,4.976733742420574,5.0343660478374614,4.856055716424389,4.7849904135327295,4.797508123407629
798,2.302585092994046,3.1212980247644673,2.836067149510825,3.1185343980071543,3.3488209314554744
799,2.0794415416798357,2.580862561482433,2.6279918848372152,2.2009952664870873,3.2268687175613144
800,2.0794415416798357,2.721404730224984,2.6705162562867875,2.781364558440852,3.0072516968649516
801,2.1972245773362196,2.554225182220215,2.7025406155434895,2.0575431251224936,3.1492572217571313
802,3.8501476017100584,3.4518727274877636,3.5136320064620805,2.9816577050096225,3.792849756069704
803,2.70805020110221,3.0777582329736903,3.1579823451964226,3.1296510839660465,2.7183976332438666
804,2.772588722239781,2.6674291983387333,2.882521638529756,2.4041012259484873,2.716847725284515
805,2.833213344056216,2.6684070799023063,2.741906893051141,2.2985894525356265,3.0349765181853425
806,4.406719247264253,4.285500543769339,4.161972977871794,3.755463231090818,4.218893414374955
807,4.23410650459726,4.0784314122612395,4.017802729470507,3.86199592854774,4.195115341331745
808,2.4849066497880004,2.927354861664856,2.6800856670682816,2.7626840956079723,2.8947257473843186
809,3.295836866004329,2.889093642933853,2.9783105415179776,2.6801428709105215,3.0143994074012377
810,3.258096538021482,3.1104696411402806,3.133519156085351,2.855769922261591,3.053623775484177
811,3.6109179126442243,3.8042759577005874,3.81592276446217,3.4875733494329695,4.069639799150393
812,3.1354942159291497,3.0537716952182374,3.108943939581862,2.9922916534120745,2.997536082525921
813,3.4657359027997265,2.9937079612077073,3.037400985923509,2.7298672966843514,3.018071804709297
814,3.58351893845611,3.7242708484197293,3.7117502393400836,3.4777623501153303,3.8996324643069324
815,4.795790545596741,4.850717607325657,4.553648465533852,4.41582505279086,5.038350521064556
816,5.093750200806762,5.244127546160557,5.244472038551779,5.118410806021233,5.415466251255474
817,5.648974238161206,5.352202301298029,5.530376439525399,5.267872004364662,5.611232850473008
818,5.755742213586912,5.371695082952748,5.567447676994569,5.068077838354979,5.605190729587973
819,4.30406509320417,4.02912386809891,3.861062056481045,3.3923452695478518,4.184258728714969
820,3.5553480614894135,3.8611839982058145,3.8753728868309834,3.6168886010228807,3.9767301183204835
821,2.3978952727983707,2.6694292950344485,2.711805323397001,2.4837207699109216,2.780785461807055
822,2.3978952727983707,2.734289914078003,2.7865350647316087,2.6421982343233483,3.0635153209870385
823,2.4849066497880004,2.73833871124135,2.9026778103412494,2.4343447846240585,3.073918724402832
824,3.2188758248682006,3.6059330537546312,3.6073291707742885,3.4185185238958335,3.8860215841245838
825,4.709530201312334,4.34823676056571,4.4224528904995175,4.143006079283956,4.397050877815271
826,3.4339872044851463,3.2155928812017285,3.005701054530165,3.093429012102646,2.989917538203444
827,4.356708826689592,4.308819698109102,4.251768122168124,4.033599557872563,4.3042268302179
828,4.969813299576001,4.718229801125313,4.764651329661029,4.426665262477493,4.707044604289786
829,5.5254529391317835,5.156950141819571,5.1468720439185365,4.843679135335498,5.471287702840941
830,5.666426688112432,5.454684361988631,5.604918461418191,5.382563989600454,5.535562528611389
831,5.181783550292085,5.328551414501687,5.302237057933755,4.999741933681305,5.604717796841715
832,4.189654742026425,3.679310067337247,3.659201148386615,3.3210769697340226,4.137880978400615
833,4.204692619390966,4.081063027258367,3.897710559011124,3.6547948358000752,4.2279477866973405
834,4.8283137373023015,4.876329417197819,4.5461297064757415,4.515054524750245,5.0320444662043435
835,4.663439094112067,4.678789273534403,4.560692281995585,4.47530400470313,4.651655014600335
836,2.833213344056216,3.1611137525602566,3.122993009520782,2.976244213654491,3.111082173007854
837,2.6390573296152584,2.7786377282538726,2.740190022109748,2.4097488310370014,2.9284051922174092
838,2.8903717578961645,2.8506521395283038,2.9901168470333483,2.4785341260002256,3.260115575737413
839,2.5649493574615367,2.746510299922326,2.789470883961751,2.5394372690251554,3.2116556069418434
840,2.8903717578961645,2.7039189758986,2.748059059941454,2.374458231584971,2.918023506452431
841,4.2626798770413155,4.191925902022207,4.204812063523848,3.6988135225334595,4.429011305126126
842,2.995732273553991,3.5967166530924533,3.6611177450484274,3.3443465918630295,3.6961872671422604
843,3.4339872044851463,3.400067782070882,3.4521722507239536,3.102899868744226,3.724126870916967
844,5.0106352940962555,4.476291986407858,4.55185651576921,4.055003921797773,4.589781536330223
845,3.58351893845611,3.9487355626797203,3.7814044979279204,3.6171379132496506,4.608969046317956
846,2.302585092994046,2.5689041082315645,2.6809928135602688,2.098126454007887,2.8474603767528106
847,3.044522437723423,3.301058612488598,3.1668393923227813,2.486202480799534,3.7362943830423765
848,4.356708826689592,4.227913629151866,4.0036544688151645,3.912272498963251,4.4974830504604295
849,4.736198448394496,4.408004299765192,4.463497659538201,4.166067265165879,4.696481779326755
850,4.976733742420574,4.61968887739152,4.5436224678849655,4.634611948521855,4.936469647761797
851,4.406719247264253,4.4647162043241595,4.299273506894182,4.137066108437438,4.5220943764844765
852,3.258096538021482,3.426983871795408,3.3125388497407005,2.986573522977344,3.5511816021739744
853,4.30406509320417,4.1192275861282415,4.0418567552177365,3.819672676919936,4.223980099286191
854,4.007333185232471,4.226902766475236,4.3915844090151825,3.6977012390195196,4.4050973414054555
855,3.7376696182833684,3.860143957493784,3.8151433726306294,3.3924005881000863,4.235519358619959
856,4.382026634673881,4.3761414790983135,4.380711511703199,4.077734757204317,4.544362934272938
857,4.795790545596741,4.5182592806360775,4.694369801446198,4.442901162328911,4.895450378978259
858,3.4965075614664802,3.625313855661883,3.572274441928579,3.3667652697134454,3.441566468504825
859,4.0943445622221,3.5623715528261806,3.5620858271661553,3.277704173649249,3.8382148649241303
860,3.6635616461296463,3.8232034795767125,3.841772073191449,3.780591880289026,4.053020591060832
861,2.833213344056216,2.533466736041059,2.6322608137047587,2.353934396198898,2.7382906565086813
862,2.995732273553991,2.467080026476803,2.734151831913547,2.2827543189186987,2.933691165650246
863,4.30406509320417,3.4986922120384905,3.375504945888103,3.262814531633876,3.659237605029708
864,4.23410650459726,3.9811979272759883,3.969631176883404,3.7758492200424496,4.059289925058861
865,4.574710978503383,4.236139598511475,4.404892479701828,4.015799793742046,4.358575023792888
866,3.5263605246161616,3.5202929751563437,3.5020566242418854,3.07041637930814,3.6271243656991388
867,3.1780538303479458,3.1630103747101157,3.169561162516904,2.6173539931306213,3.304348212772211
868,4.454347296253507,4.174857262928846,4.103907594838127,3.885497471451914,4.185684652247053
869,4.51085950651685,4.437424426001316,4.393623332124575,4.129982215848172,4.57392888815168
870,4.276666119016055,3.8780578217792443,3.7416675023440193,3.504469669636757,4.179014923908234
871,4.5217885770490405,4.402506233880369,4.455652755799027,3.9385157130828814,4.6118844804908585
872,4.406719247264253,4.586632237676943,4.535311712139968,4.275878230987362,4.7166904909266325
873,4.852030263919617,4.603745637030775,4.543924333764784,4.403816895692041,4.68710789887606
874,5.075173815233827,4.924316602734325,4.980855946499588,4.755075012159649,5.10975882466218
875,5.220355825078324,4.9573396796043125,4.805560121937108,4.867147803629247,4.971577048456253
876,3.9318256327243257,3.8769684161249858,3.711164515980184,3.8493270438193385,3.704118393416154
877,3.1780538303479458,3.506577014810079,3.391387484113866,3.7833705821628687,3.7060477866079014
878,3.4011973816621555,3.2287117245172734,3.368523605792658,2.8778725851707176,3.7727052806350323
879,4.143134726391533,4.039387559803078,3.938486599162499,3.7451227604906476,4.39707053995104
880,4.060443010546419,4.10610425409429,4.134033652064531,3.7658384594494416,4.31411824890596
881,3.1780538303479458,3.263802155881348,3.2203781443073543,2.726128000828777,2.858719220974896
882,4.110873864173311,3.5076681741858016,3.539371038746312,3.146538436135403,4.0154354223753455
883,3.6109179126442243,3.7790100547039427,3.8276000225913642,3.4202119886578477,3.9970156636907075
884,3.784189633918261,3.6151697002532144,3.727845448767062,3.468516605845932,3.8353195858498337
885,5.017279836814924,4.358864579770303,4.260299684310243,4.081719014986363,4.7398365313639195
886,3.5553480614894135,3.8101260991885733,3.661580541846205,3.5013578247038724,3.7586855017581655
887,3.4965075614664802,3.4562961303293283,3.500997537628013,3.3158614744364527,3.7960944108603556
888,3.7376696182833684,3.719929171174742,3.8245177598346816,3.480055275426064,4.103049868928572
889,3.5553480614894135,2.836477574609481,3.001236203110692,2.731131080117879,3.535685804794153
890,3.2188758248682006,3.3812998099715266,3.383409728861084,3.0132770372315707,3.4370407166124206
891,4.07753744390572,4.335663207857662,4.047747626010856,4.1243394880296265,4.554193111374302
892,4.127134385045092,4.2825315389727585,4.208886130376459,4.0796793225117245,4.513143213696395
893,4.465908118654584,4.569059197356015,4.419899980780183,4.224967387871686,4.666033398868501
894,4.48863636973214,4.639708522563494,4.566241745792736,4.18848266147684,4.830580833099139
895,4.23410650459726,4.491088448192351,4.2166233407611,4.137686001792005,4.606469209591234
896,3.912023005428146,4.443287477684775,4.264712386938787,3.9077318527174256,4.6229844694437645
897,4.127134385045092,3.8585939945485754,3.839511131034213,3.2826179965511573,4.27360575604731
898,2.995732273553991,3.620749276261612,3.803550284257353,3.334056695084655,3.883672325804515
899,2.6390573296152584,3.3451540032984743,3.4183688473871903,3.082948091860401,3.60486816431564
900,3.1354942159291497,3.3775478804644252,3.2958359476508616,3.1350947560481925,3.5284989174608183
901,3.8918202981106265,4.010259004377403,3.775890314529845,3.728887901963772,4.103019554412761
902,3.8918202981106265,4.2204157971068295,4.218620282221572,3.7620943906485023,4.525882321592858
903,3.5263605246161616,3.771823581567288,3.5680484842687763,3.702000491156045,4.0797468110688575
904,4.418840607796598,4.596684488489714,4.273392205832319,4.175811412336294,4.7811793304841
905,3.828641396489095,4.3225877308997305,4.326683075727476,4.12186116056031,4.4357682521305115
906,3.6375861597263857,4.185548144835097,4.0245895508406875,3.911745685843985,4.160674376191606
907,3.9889840465642745,4.542816861381964,4.0622949743907775,4.083363425150202,4.788960858606421
908,4.418840607796598,4.453685322970171,4.338872912029121,4.111591842469675,4.798159339664714
909,4.477336814478207,4.607271329915572,4.579695708830786,4.444677672969311,4.835802531889417
910,4.276666119016055,4.632342065242311,4.575581530243074,4.383776428844512,4.760149841272
911,4.477336814478207,4.565596658762711,4.452414483045375,4.241682877987737,4.691166018602676
912,4.110873864173311,4.388518373614963,4.168125098005481,4.214458298651401,4.3581794855605445
913,4.867534450455582,4.312062669310456,4.241761698119689,3.7720631337716624,4.783318761955735
914,4.672828834461906,4.516308369741981,4.616738828926452,4.378204078271601,4.6446320685764855
915,3.970291913552122,4.260940863672182,4.084620952542779,4.05641978493523,4.242224145417666
916,2.5649493574615367,3.4416003915882456,3.3204324075848373,3.202084783796066,3.8785948864338717
917,4.276666119016055,3.6954813958137307,3.3374948282804566,3.1686225492538913,3.921112088364419
918,3.871201010907891,3.7922238612822015,3.7027695081097605,3.636278855400937,4.002986291597617
919,3.58351893845611,2.7543205370980814,3.148169067915718,2.7869049501336662,3.488338397321253
920,2.995732273553991,3.4785782246046075,3.572884115248385,3.32831626228159,3.6223047417361736
921,3.295836866004329,3.4251395979595323,3.419519421740976,3.165031882217072,3.8268168051406297
922,3.2188758248682006,3.4648465089661467,3.5372152472520364,3.356942018556195,3.5337009010627725
923,3.7612001156935624,3.807611482962456,3.563576206588663,3.4752424848660683,3.91066848960772
924,4.189654742026425,4.024009665407689,3.944403661341197,3.838998712589303,4.055408302901833
925,4.454347296253507,4.370574546143492,4.329295672269151,3.9007123180391448,4.659877462212181
926,4.454347296253507,4.500227993355742,4.385071748700932,4.198735792179246,4.660684496783028
927,4.04305126783455,4.042321439581274,3.9143920232600458,3.713048231979151,4.344450516342894
928,4.343805421853684,4.179173755485757,4.003545308496002,3.840234818470247,4.384049872063345
929,2.6390573296152584,3.4783606103886116,3.464334748931531,3.194788742918966,3.5286583447028477
930,2.9444389791664403,3.0155555158826095,2.9714503527565044,2.516945801118321,3.4749684927280864
931,3.7376696182833684,3.8665848270730923,3.501067848439227,3.308642258233804,3.9947449600175107
932,4.110873864173311,3.3643837384135846,3.5346321624116492,2.7326597588605885,3.5911003902091796
933,4.30406509320417,3.548806779706161,3.513051735509853,3.18102275873994,3.734141776646463
934,4.718498871295094,4.1037845264112285,4.134541483495084,3.5571035388435304,4.8985043434487645
935,4.110873864173311,4.1270622824632515,4.075044635241616,3.9334394154616867,4.503393730730508
936,2.70805020110221,3.444578077556563,3.4024960781924545,3.109358810794779,3.5240349597700886
937,3.871201010907891,3.8998725944891506,3.6230916788621874,3.1729075553301325,3.9956731609216636
938,4.430816798843313,4.132452233236238,3.9430852232042706,3.686787031277865,4.338235890863675
939,4.882801922586371,4.572411584164729,4.372492748658329,4.366469057828576,4.910708284390152
940,4.574710978503383,4.545843529700154,4.519754436940364,4.258982640392594,4.796144830560424
941,4.31748811353631,4.697312643868705,4.564533266630614,4.401897843851887,4.571474655179763
942,4.709530201312334,4.658418360396864,4.408245077995265,4.387337311370689,4.679343155016225
943,4.5217885770490405,4.397067278369655,4.15843726046178,4.161979168897948,4.45550204260136
944,4.430816798843313,4.376115301216594,4.237234083215621,3.987566402179909,4.619954535434124
945,4.5217885770490405,4.259603069852416,4.182675324567205,3.9051465341376894,4.458686657912315
946,4.465908118654584,4.252222730000451,4.189113602206282,3.872330493254017,4.416694882181963
947,3.4011973816621555,3.6439391941942723,3.445578829703264,3.132568586062193,3.6705203756886724
948,3.044522437723423,3.927741651734629,3.6551594458169094,3.40792312031314,3.8834891215760927
949,3.58351893845611,3.4400977681638314,3.3547458465809465,3.1051640771310223,3.780920947394658
950,3.6109179126442243,3.5181177251964395,3.4772448801479117,3.323873311911706,3.875177618284291
951,3.6635616461296463,3.535503574203149,3.6423402013206565,3.1578268630229154,3.627533348211565
952,4.382026634673881,4.494511417891348,4.358267822006273,4.156766721460523,4.708320747852117
953,4.672828834461906,4.484720258571302,4.358889627602671,4.278604460500037,4.638061698163512
954,4.624972813284271,4.335640901910285,4.249383018374103,4.016729884693345,4.657239018700004
955,3.5263605246161616,2.9307385778700437,3.183413713142696,2.6431679992240507,3.146535588322599
956,3.367295829986474,2.488030264772022,2.945395709207627,1.7391482093236046,2.6684257452682396
957,4.330733340286331,3.6370312595858194,3.531391327453177,3.2467892571280172,3.669100675585158
958,4.795790545596741,4.531337107758154,4.661368378084844,4.3004297437811925,4.773161265021395
959,4.30406509320417,4.295930491200793,4.336780588195611,3.965676354532406,4.607734310770426
960,3.713572066704308,3.6025555306940453,3.6614082311882865,3.2978826366620733,3.60418858513287
961,3.091042453358316,3.468693046089062,3.542221799714491,3.042503408837361,3.348473777743125
962,3.871201010907891,4.316016836214054,4.011664846158716,3.9212014009540193,4.506053886741028
963,3.9318256327243257,3.876158242493048,4.0341682575600855,3.585030104545484,4.610743802283693
964,4.795790545596741,4.296485861243448,4.373017342495168,3.8963356770078184,4.617677083200588
965,4.867534450455582,4.60803437526478,4.601865782259323,4.294096263054088,4.739652431686251
966,4.04305126783455,3.778007738447943,3.5940227675811047,3.31829441957361,3.6985587308873162
967,4.276666119016055,4.326848452495613,4.215708238465326,4.11968657886044,4.44134579918437
968,3.912023005428146,3.8726810877335325,3.886249520972835,3.7548816568362735,3.849133883175649
969,4.0943445622221,4.4500635058820475,4.309836436766728,4.042351558921166,4.573667509741805
970,4.624972813284271,4.473469718776886,4.336869190276341,4.0465908632049885,4.562319280139096
971,4.204692619390966,4.328598916555203,4.287552811187586,4.152564869717761,4.574958034831557
972,4.59511985013459,4.275392801386267,4.181272457435394,3.915203155751878,4.305457142335368
973,3.044522437723423,3.7536830697012817,3.758399047413608,3.4982293433249048,3.805074154094667
974,3.4965075614664802,3.2793169811901244,3.201670398705603,2.8760751662447093,3.7666903406986654
975,3.8501476017100584,4.110670304359268,3.7720206128519886,3.71754516046568,4.131234119434686
976,4.442651256490317,4.1245297901260445,4.176589971935436,3.6617816182824843,4.372680951825021
977,4.465908118654584,4.1660033078212155,4.225787692850232,3.6879872625673173,4.33661076284142
978,4.07753744390572,3.703722125094586,3.581706799816443,3.2524059216441925,3.672756594351088
979,3.1354942159291497,2.566680461515452,2.9949154995025857,2.297830054951135,2.7447928150292307
980,3.1354942159291497,3.849138015413499,3.5289521673205813,3.003098887271619,3.8705566668070843
981,3.044522437723423,2.6850608212093476,2.8050038577611076,2.261713947038991,3.2245198666423853
982,3.2188758248682006,3.470061336399699,3.606364256025944,3.109446184243664,3.554977082033043
983,4.174387269895637,3.4557328345908105,3.6058254408334043,3.1273622680396533,3.7288158417987916
984,4.31748811353631,3.64669225023232,3.827146078725223,3.1532528509149507,3.703108230705375
985,2.995732273553991,3.469227491190767,3.6487720030150768,3.119796999603009,3.4988077454928117
986,4.007333185232471,3.889983518741798,3.7046299106534835,3.71351846485126,3.7325382421654067
987,4.007333185232471,4.508308961263496,4.169869398627398,4.056481033621168,4.804356160973764
988,3.9318256327243257,4.148368452447712,4.198868241013201,3.919070856424713,4.537022863964948
989,4.276666119016055,3.6851413633232313,3.7084977621878523,3.3538605118684504,3.911749309248992
990,4.418840607796598,4.336699389200115,4.2509836855751555,3.900105927287321,4.631321030481034
991,2.8903717578961645,3.0261679990500694,3.2026860572486653,2.6973943549611326,3.370471001991233
992,2.4849066497880004,2.201673341617395,2.470462593088345,1.7365501055417099,2.6384898931880665
993,2.772588722239781,2.5718259502178475,2.536916286369839,2.1509885794594075,3.3570927885695916
994,2.5649493574615367,2.1821983998371675,2.461842091582667,1.4393869527585141,2.6935193068249057
995,2.995732273553991,3.3425146151900034,3.0536940153896395,2.896142447516318,3.5078597860218723
996,3.4339872044851463,3.9712511045082897,3.811079971191593,3.4428886465018675,4.197217827160674
997,2.833213344056216,2.570417223874876,2.820597885546786,2.143736745656991,3.554564051267307
998,2.1972245773362196,2.268512592299113,2.5085656742754625,1.6080335917270876,3.3683663468942084
999,2.5649493574615367,2.1085956450023584,2.4436151982488648,1.4915947876554405,2.6864706675289645
1000,3.091042453358316,3.2008845705407887,3.094649757980032,2.822230686770707,3.184716379303019
1001,4.382026634673881,4.019709074643092,3.595362671010315,3.2967018139788067,4.013159513243371
1002,3.367295829986474,3.8145722419675536,3.7244372814939846,3.681743161171137,4.11293928073844
1003,3.5553480614894135,3.4482017616865104,3.3228359387291033,3.0592562220549127,3.565501046132275
1004,3.713572066704308,3.5319802953749395,3.5671953723396594,3.143547737950019,3.5139374010405637
1005,3.1780538303479458,3.388378212617365,3.4625981053241586,3.085216045458602,3.7418501181627644
1006,2.9444389791664403,3.4726449429849424,3.501649592896347,3.145204001260321,3.6117323760792823
1007,2.8903717578961645,3.370844986442844,3.3358747940016578,2.8968439571829996,3.130531492171944
1008,3.4965075614664802,3.5219921372787346,3.441456534711394,3.080757059085162,3.6836854568313573
1009,3.5553480614894135,3.459576021137668,3.4882442876870985,3.0419151992698934,3.572263939476784
1010,4.499809670330265,4.256271965120359,4.188282012007455,3.8050944000428553,4.261865358061089
1011,4.605170185988092,4.48415407138236,4.437658794905277,4.188777112348497,4.671195936682195
1012,4.382026634673881,4.411676679215641,4.305211113649872,4.144883510971238,4.6573558436169415
1013,4.87519732320115,4.568701604597153,4.617813613779941,4.091948274396324,4.706832414048108
1014,3.713572066704308,3.6890553929238274,3.454018569225785,3.308935428042777,3.8954658181293307
1015,3.1780538303479458,2.856345808614579,3.231549009700597,2.3532643910362787,3.314062840723619
1016,2.5649493574615367,2.756505201432136,2.7736167314074875,2.0903378345672436,2.9139835096938516
1017,3.091042453358316,3.503625448459353,3.3035983983259847,2.8820770271234615,3.467886482463874
1018,4.23410650459726,3.6353237431357837,3.650346279210259,3.106046808897901,3.8340533848279765
1019,4.653960350157523,4.513001032862907,4.491027851887573,3.7346406413515565,4.862041167611514
1020,4.852030263919617,4.770652277580286,4.774702083767637,4.336564834482266,4.8788806934570434
1021,4.787491742782046,4.461746070531574,4.601220593628005,4.2314422724691285,4.391481393497258
1022,5.087596335232384,4.970402994176593,5.025099777668106,4.653210101450654,5.001167069878239
1023,4.0943445622221,3.805566440958434,3.705282894403145,3.443802525764718,3.727356482923833
1024,3.1780538303479458,2.7838242201185226,3.064482221046738,2.3291830801298374,2.928100111020474
1025,2.833213344056216,2.487220463012689,2.644336941556139,2.1730442599282194,2.340589298386268
1026,3.9889840465642745,3.5589631809656543,3.309215536907109,2.839370839584911,3.5635879858613704
1027,4.6443908991413725,4.430640440334136,4.485625259376059,4.058061568349337,4.745309941798558
1028,5.14166355650266,5.13720041202366,5.091558961267248,4.707394164424197,5.237372366705839
1029,5.214935757608986,5.2658786647942435,5.255854581043412,5.041359325454488,5.317035417045712
1030,4.804021044733257,4.808702722371329,4.888708093639087,4.59044651866724,4.975648039500099
1031,3.4657359027997265,3.0975787608616807,3.1645839435574326,3.024278211799872,3.6276661346935253
1032,4.127134385045092,3.51382021142171,3.544024733453132,3.0173309067063303,3.817093268593897
1033,4.276666119016055,3.7208248068104277,3.841122165197933,3.5479464987610627,3.9699814056525744
1034,3.6888794541139363,3.8017604703649743,3.8226585091294254,3.4151335120539645,4.103134378171722
1035,2.6390573296152584,2.6911659819549048,2.971778609446803,2.3151191220796705,3.039114847634882
1036,3.5263605246161616,3.499650546381833,3.2980888145477465,3.0848299065619247,3.870760982544021
1037,4.532599493153256,4.301476517339624,4.423577337010763,3.972393894135747,4.646136524192006
1038,4.74493212836325,4.46620792227371,4.5405807195424135,4.285901672325534,4.998339246859176
1039,4.394449154672439,4.3292082683052415,4.459015861787022,3.9935337702557665,4.539041318901573
